QP_stage_name,R_min_eig,P_min_eig,M_min_eig
acrobot_FU_INDE_RE_INDE_status_4_iter_1_stage_1,0.034687877969,-12.773607277274909,-0.018042163963891328
acrobot_FU_INDE_RE_INDE_status_4_iter_1_stage_2,-0.26975024821,-578.1997771664876,-0.9741253874651064
acrobot_FU_INDE_RE_INDE_status_4_iter_1_stage_4,0.22124836755,-1702.2124619390534,-2.869773232332623
acrobot_FU_INDE_RE_INDE_status_4_iter_1_stage_5,-0.07577484668,-4764.557958372503,-2.5482660845279668
acrobot_FU_INDE_RE_INDE_status_4_iter_1_stage_7,0.38406046775,-727.0617168693909,-0.4499022425005398
acrobot_FU_INDE_RE_INDE_status_4_iter_1_stage_9,-0.34288410559,-54.99830092213358,-0.2896724424785186
acrobot_FU_INDE_RE_INDE_status_4_iter_1_stage_10,-0.11583918847,-114134.00880327178,-229.50920905189358
acrobot_FU_INDE_RE_INDE_status_4_iter_1_stage_12,1.3072039175,-1323.2115290399013,-0.5834005311743995
acrobot_FU_INDE_RE_INDE_status_4_iter_10_stage_0,-53.35704187,5.164840087752996,-8.273903894942592
acrobot_FU_INDE_RE_INDE_status_4_iter_10_stage_2,-30.23310741,-17109.315603634026,-257.46280066893655
acrobot_FU_INDE_RE_INDE_status_4_iter_10_stage_3,-122.09909366,-8290.265263898393,-47.685210291231556
acrobot_FU_INDE_RE_INDE_status_4_iter_10_stage_7,6.9317275221,-1034.3434503459712,-0.33027092942069647
acrobot_FU_INDE_RE_INDE_status_4_iter_10_stage_11,203.21265505,-309969.6327094532,-567.4721029193744
acrobot_FU_INDE_RE_INDE_status_4_iter_10_stage_12,351.91824643,-1100352.9467148215,-517.801027080689
acrobot_FU_INDE_RE_INDE_status_4_iter_11_stage_0,-15.816445012,-122913.82658107055,-17.47144806810458
acrobot_FU_INDE_RE_INDE_status_4_iter_11_stage_2,-17.679128341,-24926.282863881057,-127.37833736806161
acrobot_FU_INDE_RE_INDE_status_4_iter_11_stage_7,-17.744066176,-1810.461367963558,-74.52711255073545
acrobot_FU_INDE_RE_INDE_status_4_iter_11_stage_11,38.469138959,-18041.07149892245,-117.93592430628394
acrobot_FU_INDE_RE_INDE_status_4_iter_11_stage_12,102.95246586,-285101.19634062477,-178.23927929321832
acrobot_FU_INDE_RE_INDE_status_4_iter_12_stage_0,0.26392049397,-2048.044266438544,-0.22282198008821696
acrobot_FU_INDE_RE_INDE_status_4_iter_12_stage_2,0.2022921917,-1394.6137194661173,-0.3314923746669427
acrobot_FU_INDE_RE_INDE_status_4_iter_12_stage_4,0.09571097318,-1099.001178782914,-1.1997653692304635
acrobot_FU_INDE_RE_INDE_status_4_iter_12_stage_6,-0.52037922099,-131.73711409986444,-0.5217402173694687
acrobot_FU_INDE_RE_INDE_status_4_iter_12_stage_8,0.30763319554,-321.8199974931184,-1.16884817177956
acrobot_FU_INDE_RE_INDE_status_4_iter_12_stage_12,-0.047024989256,-0.934435946024468,-0.06570276560961534
acrobot_FU_INDE_RE_INDE_status_4_iter_15_stage_4,0.0032081381275,-32.04088919560246,-0.09441116353144378
acrobot_FU_INDE_RE_INDE_status_4_iter_3_stage_0,-0.12584296729,-127.91557227867959,-1.8946872685686333
acrobot_FU_INDE_RE_INDE_status_4_iter_3_stage_1,-1.1911712805,-1695.7904781214781,-0.32655136186251954
acrobot_FU_INDE_RE_INDE_status_4_iter_3_stage_3,-0.071240996343,-769.5738758715196,-2.248039878982318
acrobot_FU_INDE_RE_INDE_status_4_iter_3_stage_4,1.5942320077,-3683.013134541439,-4.0015122142977155
acrobot_FU_INDE_RE_INDE_status_4_iter_3_stage_6,4.0181967622,-11272.830152862924,-22.38827043138113
acrobot_FU_INDE_RE_INDE_status_4_iter_3_stage_8,7.4689317679,-23955.97440428382,-76.30146690155864
acrobot_FU_INDE_RE_INDE_status_4_iter_3_stage_9,17.817574627,-13983.083076292654,-24.238115129298208
acrobot_FU_INDE_RE_INDE_status_4_iter_4_stage_3,0.030554398224,-716.3024345575233,-0.38031316453677927
acrobot_FU_INDE_RE_INDE_status_4_iter_4_stage_5,-0.26453673939,-1105.3215426268184,-0.4209224894473188
acrobot_FU_INDE_RE_INDE_status_4_iter_4_stage_6,0.33627153085,-33671.89978121337,-16.84118601401172
acrobot_FU_INDE_RE_INDE_status_4_iter_4_stage_8,-0.029754415997,-59682.33260487112,-33.108121244857564
acrobot_FU_INDE_RE_INDE_status_4_iter_4_stage_12,13.07537291,-21750.05629616395,-101.6350372841953
acrobot_FU_INDE_RE_INDE_status_4_iter_41_stage_4,0.0029376205728,-17.995934042058746,-0.020843826034921978
acrobot_FU_INDE_RE_INDE_status_4_iter_45_stage_1,0.021150554186,-58.49988627024109,-0.029626280635145833
acrobot_FU_INDE_RE_INDE_status_4_iter_45_stage_4,0.0037365476065,-21.820595381321855,-0.04799776959479566
acrobot_FU_INDE_RE_INDE_status_4_iter_47_stage_4,0.002914998441,-16.679742973952553,-0.012020136682111536
acrobot_FU_INDE_RE_INDE_status_4_iter_48_stage_4,0.0029814154456,-20.940252036744127,-0.037014331793883776
acrobot_FU_INDE_RE_INDE_status_4_iter_5_stage_0,-66.466430889,-6142471.619715598,-16.26340984513358
acrobot_FU_INDE_RE_INDE_status_4_iter_5_stage_6,293.47662621,-1408797.7536684878,-78.05721708151344
acrobot_FU_INDE_RE_INDE_status_4_iter_5_stage_7,-449.53451346,-1341786.2655395537,-1201.7611309908261
acrobot_FU_INDE_RE_INDE_status_4_iter_5_stage_9,84.247585866,-506194.31203082507,-32.168002422651526
acrobot_FU_INDE_RE_INDE_status_4_iter_5_stage_11,38.96268517,-34764.55590355746,-310.8863690035579
acrobot_FU_INDE_RE_INDE_status_4_iter_5_stage_14,-402.11523823,1000.0,-205.99947164930566
acrobot_FU_INDE_RE_INDE_status_4_iter_53_stage_1,-0.0065789481152,-44.3742418995819,-0.004945832157501325
acrobot_FU_INDE_RE_INDE_status_4_iter_7_stage_2,93.620720551,-34358.331367994644,-25.87033084314507
acrobot_FU_INDE_RE_INDE_status_4_iter_7_stage_4,-42.027413755,-46476.96117724956,-288.93042895572984
acrobot_FU_INDE_RE_INDE_status_4_iter_7_stage_10,-548.96853964,-4457143.933701184,-1546.8398720330151
acrobot_FU_INDE_RE_INDE_status_4_iter_7_stage_12,783.1574713,-572979.7206834219,-1430.3965391699594
acrobot_FU_INDE_RE_INDE_status_4_iter_7_stage_13,-101.78870565,-3091257.1592222983,-5039.551147297545
acrobot_FU_INDE_RE_INDE_status_4_iter_8_stage_0,-29.991983197,-5729739.540302806,-183.07558263595436
acrobot_FU_INDE_RE_INDE_status_4_iter_8_stage_3,-137.31332464,-2190.0811929092974,-200.7939067262566
acrobot_FU_INDE_RE_INDE_status_4_iter_8_stage_4,-53.375354572,-1222217.334386426,-142.03642500245724
acrobot_FU_INDE_RE_INDE_status_4_iter_8_stage_7,106.01590056,-787127.2146265507,-5306.525980111464
acrobot_FU_INDE_RE_INDE_status_4_iter_8_stage_8,23.900176153,-192266.62046762777,-1984.893183890152
acrobot_FU_INDE_RE_INDE_status_4_iter_8_stage_10,-787.44268395,-6518807.993043523,-6736.036146781948
acrobot_FU_INDE_RE_INDE_status_4_iter_8_stage_12,1200.8041028,-1659512.9594399417,-2697.8654167229734
acrobot_FU_INDE_RE_INDE_status_4_iter_8_stage_14,-352.23206665,1000.0,-160.97874870213388
dubins_car_parallel_parking_FU_INDE_RE_INDE_status_4_iter_1_stage_0,-2.0598777182754406,-4.615321454522165,-1.685033425301809
dubins_car_parallel_parking_FU_INDE_RE_INDE_status_4_iter_1_stage_1,-1.9247343546277031,-5.829355180566172,-1.498993192676434
dubins_car_parallel_parking_FU_INDE_RE_INDE_status_4_iter_1_stage_2,-1.679181707220443,-7.21810862010839,-1.5140657224349479
dubins_car_parallel_parking_FU_INDE_RE_INDE_status_4_iter_1_stage_3,-1.3372942857442809,-7.694676451406302,-1.0100447189949995
dubins_car_parallel_parking_FU_INDE_RE_INDE_status_4_iter_1_stage_4,-0.9186426190086987,-9.164305829443746,-0.9656254994815721
dubins_car_parallel_parking_FU_INDE_RE_INDE_status_4_iter_1_stage_5,-0.4471678002202569,-6.690407598947509,-0.30731160733306245
dubins_car_parallel_parking_FU_INDE_RE_INDE_status_4_iter_1_stage_6,-0.0465900767392605,-78.63749310116145,-1.1361346036673508
dubins_car_parallel_parking_FU_INDE_RE_INDE_status_4_iter_1_stage_7,-0.5414230185837688,-38.056601343539114,-0.49427457555890064
dubins_car_parallel_parking_FU_INDE_RE_INDE_status_4_iter_1_stage_8,-1.005486401885446,-65.91269905767633,-1.561206011161395
dubins_car_parallel_parking_FU_INDE_RE_INDE_status_4_iter_1_stage_9,-1.4122795206555503,-50.31366229087111,-1.1524853777422837
dubins_car_parallel_parking_FU_INDE_RE_INDE_status_4_iter_1_stage_10,-1.7385575564053826,-64.47154455553968,-1.8993833689482833
dubins_car_parallel_parking_FU_INDE_RE_INDE_status_4_iter_1_stage_11,-1.9652654153965359,-58.826011600209505,-1.6471876075330318
dubins_car_parallel_parking_FU_INDE_RE_INDE_status_4_iter_1_stage_12,-2.0211145731218187,-65.32532286614436,-1.9408479356412245
dubins_car_parallel_parking_FU_INDE_RE_INDE_status_4_iter_1_stage_13,-1.905923146596767,-58.19930138034691,-1.635379601037181
dubins_car_parallel_parking_FU_INDE_RE_INDE_status_4_iter_1_stage_14,-1.6464699280905983,-73.74036771128819,-1.904507726838892
dubins_car_parallel_parking_FU_INDE_RE_INDE_status_4_iter_1_stage_15,-1.2919857363142582,-51.36798178058642,-1.1605816952334846
dubins_car_parallel_parking_FU_INDE_RE_INDE_status_4_iter_1_stage_16,-0.8624500177696233,-93.4934166317907,-1.7461016125829365
dubins_car_parallel_parking_FU_INDE_RE_INDE_status_4_iter_1_stage_17,-0.3821710458573566,-33.93777963426004,-0.5141301772048552
dubins_car_parallel_parking_FU_INDE_RE_INDE_status_4_iter_1_stage_19,-0.616431772660179,11.184491542604649,-0.4383501110498933
dubins_car_parallel_parking_FU_INDE_RE_INDE_status_4_iter_1_stage_20,-1.0810771204593188,12.745615540261532,-0.8927962370198839
dubins_car_parallel_parking_FU_INDE_RE_INDE_status_4_iter_1_stage_21,-1.485176697140188,12.619257624916319,-1.3031479850124776
dubins_car_parallel_parking_FU_INDE_RE_INDE_status_4_iter_1_stage_22,-1.8053494849146516,12.254664730607503,-1.6279197033295607
dubins_car_parallel_parking_FU_INDE_RE_INDE_status_4_iter_1_stage_23,-2.0229001691221957,10.76028113286021,-1.867400618922327
dubins_car_parallel_parking_FU_INDE_RE_INDE_status_4_iter_1_stage_24,-2.1249445668798153,10.0,-1.9812821501997344
dubins_car_parallel_parking_FU_INDE_RE_INDE_status_4_iter_10_stage_0,-0.030146082192264813,-4.048467147236691,-0.033580705166248545
dubins_car_parallel_parking_FU_INDE_RE_INDE_status_4_iter_10_stage_1,-0.030435003291747288,-3.8779335046754464,-0.03830280786404565
dubins_car_parallel_parking_FU_INDE_RE_INDE_status_4_iter_10_stage_2,-0.029913701539210934,-10.018629839083363,-0.11422194120847087
dubins_car_parallel_parking_FU_INDE_RE_INDE_status_4_iter_10_stage_4,-0.03149130832772395,-5.417540647900614,-0.009163771831005751
dubins_car_parallel_parking_FU_INDE_RE_INDE_status_4_iter_10_stage_5,-0.03287285703958469,-6.831393225267829,-0.017646314128114585
dubins_car_parallel_parking_FU_INDE_RE_INDE_status_4_iter_10_stage_6,-0.03374746561631468,-6.54484181202723,-0.04603244861083319
dubins_car_parallel_parking_FU_INDE_RE_INDE_status_4_iter_10_stage_8,-0.03732460486983088,-8.484666787650994,-0.007126750345332844
dubins_car_parallel_parking_FU_INDE_RE_INDE_status_4_iter_10_stage_9,-0.03913676532603889,-22.751940139563274,-0.0319702001370997
dubins_car_parallel_parking_FU_INDE_RE_INDE_status_4_iter_10_stage_10,-0.042352394188158775,-36.92790186414424,-0.02676203491155233
dubins_car_parallel_parking_FU_INDE_RE_INDE_status_4_iter_10_stage_11,-0.04539400934973096,-36.291368807767896,-0.034535438514625996
dubins_car_parallel_parking_FU_INDE_RE_INDE_status_4_iter_10_stage_12,-0.05148038391939014,-37.912024129364276,-0.08109190119602175
dubins_car_parallel_parking_FU_INDE_RE_INDE_status_4_iter_10_stage_13,-0.062137416729965346,-137.2250018247433,-0.27142189451740206
dubins_car_parallel_parking_FU_INDE_RE_INDE_status_4_iter_10_stage_15,-0.14127123805258396,-23.925447909965754,-0.044596954891517215
dubins_car_parallel_parking_FU_INDE_RE_INDE_status_4_iter_10_stage_16,-0.1342282176468793,-26.366311396371906,-0.13672266333177036
dubins_car_parallel_parking_FU_INDE_RE_INDE_status_4_iter_10_stage_17,-0.12299614895359859,-34.79560394942866,-0.3220833795326564
dubins_car_parallel_parking_FU_INDE_RE_INDE_status_4_iter_10_stage_18,-0.1326758926352702,-117.41120719805849,-1.5180107743274531
dubins_car_parallel_parking_FU_INDE_RE_INDE_status_4_iter_10_stage_20,-0.16373589194086982,10.081475573703734,-0.013856880768215785
dubins_car_parallel_parking_FU_INDE_RE_INDE_status_4_iter_10_stage_21,-0.18353137486587962,10.184888428176787,-0.03567614984306533
dubins_car_parallel_parking_FU_INDE_RE_INDE_status_4_iter_10_stage_22,-0.2424854553640474,10.155721728522659,-0.09533815863130671
dubins_car_parallel_parking_FU_INDE_RE_INDE_status_4_iter_10_stage_23,-0.3895491092477067,10.345468353547652,-0.23988608212524065
dubins_car_parallel_parking_FU_INDE_RE_INDE_status_4_iter_10_stage_24,-1.1489807804099663,10.0,-1.0053485844723133
dubins_car_parallel_parking_FU_INDE_RE_INDE_status_4_iter_11_stage_0,-0.031364715203226645,-3.4930259219458812,-0.035613080907861194
dubins_car_parallel_parking_FU_INDE_RE_INDE_status_4_iter_11_stage_1,-0.03151713340128823,-5.770451016407669,-0.06771833396713238
dubins_car_parallel_parking_FU_INDE_RE_INDE_status_4_iter_11_stage_2,-0.032508425308288076,-14.987187207424839,-0.19027649652611744
dubins_car_parallel_parking_FU_INDE_RE_INDE_status_4_iter_11_stage_4,-0.03227165117672615,-3.279074855713736,-0.010575490764703765
dubins_car_parallel_parking_FU_INDE_RE_INDE_status_4_iter_11_stage_5,-0.034009211291613654,-4.557570900691263,-0.023365490700536506
dubins_car_parallel_parking_FU_INDE_RE_INDE_status_4_iter_11_stage_6,-0.03475214386552199,-5.06522421385582,-0.061264820265446766
dubins_car_parallel_parking_FU_INDE_RE_INDE_status_4_iter_11_stage_7,-0.03761410194668917,-25.989188763355333,-0.3519167759931719
dubins_car_parallel_parking_FU_INDE_RE_INDE_status_4_iter_11_stage_9,-0.04212169324824836,-7.733634167700588,-0.006770546461448277
dubins_car_parallel_parking_FU_INDE_RE_INDE_status_4_iter_11_stage_10,-0.043995229434961376,-34.96494447874264,-0.10173056373544143
dubins_car_parallel_parking_FU_INDE_RE_INDE_status_4_iter_11_stage_11,-0.04783332301750191,-21.824199714227863,-0.027779898795909485
dubins_car_parallel_parking_FU_INDE_RE_INDE_status_4_iter_11_stage_12,-0.053189297717857575,-23.144669145619844,-0.07209968506601135
dubins_car_parallel_parking_FU_INDE_RE_INDE_status_4_iter_11_stage_13,-0.06387554933330254,-42.29836598405986,-0.1541929101483237
dubins_car_parallel_parking_FU_INDE_RE_INDE_status_4_iter_11_stage_15,-0.12456580134241692,-17.263489843559253,-0.0023333315521554265
dubins_car_parallel_parking_FU_INDE_RE_INDE_status_4_iter_11_stage_16,-0.11929388847082176,-18.48487193000116,-0.058686712292619264
dubins_car_parallel_parking_FU_INDE_RE_INDE_status_4_iter_11_stage_17,-0.10583610007694619,-22.407123999614974,-0.1665049922504681
dubins_car_parallel_parking_FU_INDE_RE_INDE_status_4_iter_11_stage_18,-0.11349601818513738,-46.66185305914343,-0.5359935198569037
dubins_car_parallel_parking_FU_INDE_RE_INDE_status_4_iter_11_stage_20,-0.14749256429903776,9.605874218692719,-0.004172952735037039
dubins_car_parallel_parking_FU_INDE_RE_INDE_status_4_iter_11_stage_21,-0.15861686752860904,9.771772358951353,-0.016579586668786284
dubins_car_parallel_parking_FU_INDE_RE_INDE_status_4_iter_11_stage_22,-0.20949007336131867,9.840090947838716,-0.06694619369242868
dubins_car_parallel_parking_FU_INDE_RE_INDE_status_4_iter_11_stage_23,-0.3366623749975847,10.194782148239325,-0.1891863244938478
dubins_car_parallel_parking_FU_INDE_RE_INDE_status_4_iter_11_stage_24,-0.9933781332062073,10.0,-0.8497459736035426
dubins_car_parallel_parking_FU_INDE_RE_INDE_status_4_iter_12_stage_0,-0.027758105885683785,-1.4238375436251136,-0.007698689468524724
dubins_car_parallel_parking_FU_INDE_RE_INDE_status_4_iter_12_stage_1,-0.027578518419571128,-3.081470361817237,-0.028359652286454064
dubins_car_parallel_parking_FU_INDE_RE_INDE_status_4_iter_12_stage_2,-0.02822410850306316,-5.513540601808269,-0.06152924279792662
dubins_car_parallel_parking_FU_INDE_RE_INDE_status_4_iter_12_stage_4,-0.03004001425944275,-2.371862909899009,-0.0022084833155188305
dubins_car_parallel_parking_FU_INDE_RE_INDE_status_4_iter_12_stage_5,-0.03095022424211802,-3.699057269787851,-0.014485689426176021
dubins_car_parallel_parking_FU_INDE_RE_INDE_status_4_iter_12_stage_6,-0.03215801752355966,-4.35134620324067,-0.041553962417342105
dubins_car_parallel_parking_FU_INDE_RE_INDE_status_4_iter_12_stage_7,-0.035125630897088145,-13.926408633159955,-0.18771432313588982
dubins_car_parallel_parking_FU_INDE_RE_INDE_status_4_iter_12_stage_9,-0.039953807616719704,-7.0908031520822,-0.003485792744108313
dubins_car_parallel_parking_FU_INDE_RE_INDE_status_4_iter_12_stage_10,-0.041384487719712384,-32.9534134006028,-0.087181409918376
dubins_car_parallel_parking_FU_INDE_RE_INDE_status_4_iter_12_stage_11,-0.045345108138232844,-21.849798609109452,-0.023923846087834773
dubins_car_parallel_parking_FU_INDE_RE_INDE_status_4_iter_12_stage_12,-0.05057240573719695,-23.130548730887888,-0.06285746907844364
dubins_car_parallel_parking_FU_INDE_RE_INDE_status_4_iter_12_stage_13,-0.060779227436928276,-39.35072204023769,-0.1357508076200814
dubins_car_parallel_parking_FU_INDE_RE_INDE_status_4_iter_12_stage_14,-0.07935712109628236,-1353.7132047016614,-8.801795370332762
dubins_car_parallel_parking_FU_INDE_RE_INDE_status_4_iter_12_stage_16,-0.11810326319919319,-18.417113136091306,-0.056224721668910405
dubins_car_parallel_parking_FU_INDE_RE_INDE_status_4_iter_12_stage_17,-0.10575160812031044,-22.18737717035664,-0.16102892670043056
dubins_car_parallel_parking_FU_INDE_RE_INDE_status_4_iter_12_stage_18,-0.11219613545115163,-44.21233724009398,-0.5020453078565505
dubins_car_parallel_parking_FU_INDE_RE_INDE_status_4_iter_12_stage_20,-0.14493373219024905,9.544203816344723,-0.0027549938287864117
dubins_car_parallel_parking_FU_INDE_RE_INDE_status_4_iter_12_stage_21,-0.15590027855323746,9.722932098744607,-0.014708386023721876
dubins_car_parallel_parking_FU_INDE_RE_INDE_status_4_iter_12_stage_22,-0.2059799785627905,9.802148168667204,-0.06398799081968162
dubins_car_parallel_parking_FU_INDE_RE_INDE_status_4_iter_12_stage_23,-0.3310362082769848,10.17620970781389,-0.18382844265968606
dubins_car_parallel_parking_FU_INDE_RE_INDE_status_4_iter_12_stage_24,-0.9768248966543411,10.0,-0.8331927415966185
dubins_car_parallel_parking_FU_INDE_RE_INDE_status_4_iter_13_stage_0,-0.02713357816372827,-1.0998475569372754,-0.004543429144303243
dubins_car_parallel_parking_FU_INDE_RE_INDE_status_4_iter_13_stage_1,-0.027029308449597732,-2.646288607390548,-0.022455012105941072
dubins_car_parallel_parking_FU_INDE_RE_INDE_status_4_iter_13_stage_2,-0.027575476052053727,-4.713060120386736,-0.049149360371640784
dubins_car_parallel_parking_FU_INDE_RE_INDE_status_4_iter_13_stage_4,-0.029308626343391337,-2.28775468309953,-0.0005332496446569801
dubins_car_parallel_parking_FU_INDE_RE_INDE_status_4_iter_13_stage_5,-0.03032063801020541,-3.5757183476447696,-0.012057047795059082
dubins_car_parallel_parking_FU_INDE_RE_INDE_status_4_iter_13_stage_6,-0.03155926845042512,-4.259357900065683,-0.037270117998544454
dubins_car_parallel_parking_FU_INDE_RE_INDE_status_4_iter_13_stage_7,-0.03454153095441486,-12.195189374329864,-0.16184199695051615
dubins_car_parallel_parking_FU_INDE_RE_INDE_status_4_iter_13_stage_9,-0.039394815324834034,-6.907475959578278,-0.002671504019648583
dubins_car_parallel_parking_FU_INDE_RE_INDE_status_4_iter_13_stage_10,-0.04071078393488305,-32.62974165521324,-0.08416145009999604
dubins_car_parallel_parking_FU_INDE_RE_INDE_status_4_iter_13_stage_11,-0.04469762879056724,-21.912068356405467,-0.02297931057235443
dubins_car_parallel_parking_FU_INDE_RE_INDE_status_4_iter_13_stage_12,-0.049917220740721135,-23.165905046949995,-0.06065496722496867
dubins_car_parallel_parking_FU_INDE_RE_INDE_status_4_iter_13_stage_13,-0.060009248076222065,-38.70382244851774,-0.13139549539602874
dubins_car_parallel_parking_FU_INDE_RE_INDE_status_4_iter_13_stage_14,-0.07834938244296388,-829.1652835492833,-5.271782419650176
dubins_car_parallel_parking_FU_INDE_RE_INDE_status_4_iter_13_stage_16,-0.11781455966100945,-18.43118514910018,-0.05563537270115407
dubins_car_parallel_parking_FU_INDE_RE_INDE_status_4_iter_13_stage_17,-0.10579634139578553,-22.170376197159058,-0.15981989339535807
dubins_car_parallel_parking_FU_INDE_RE_INDE_status_4_iter_13_stage_18,-0.11186915938254106,-43.63930693900241,-0.4940562803725554
dubins_car_parallel_parking_FU_INDE_RE_INDE_status_4_iter_13_stage_20,-0.14424405390697648,9.526649510828399,-0.0024094166946539985
dubins_car_parallel_parking_FU_INDE_RE_INDE_status_4_iter_13_stage_21,-0.155163462042392,9.70959537010562,-0.014213417179686438
dubins_car_parallel_parking_FU_INDE_RE_INDE_status_4_iter_13_stage_22,-0.20503433238364158,9.791763780568864,-0.06319333985964212
dubins_car_parallel_parking_FU_INDE_RE_INDE_status_4_iter_13_stage_23,-0.32952047618123415,10.171109333127049,-0.18238634515204757
dubins_car_parallel_parking_FU_INDE_RE_INDE_status_4_iter_13_stage_24,-0.9723653208158046,10.0,-0.8287331670092816
dubins_car_parallel_parking_FU_INDE_RE_INDE_status_4_iter_14_stage_0,-0.027036558613090875,-0.7601506425233975,-0.0020161669848873403
dubins_car_parallel_parking_FU_INDE_RE_INDE_status_4_iter_14_stage_1,-0.027051334486134494,-2.2524304439340925,-0.017780413275430847
dubins_car_parallel_parking_FU_INDE_RE_INDE_status_4_iter_14_stage_2,-0.027578071241373726,-3.9860943538242983,-0.04015943132413736
dubins_car_parallel_parking_FU_INDE_RE_INDE_status_4_iter_14_stage_3,-0.02696686032335935,-52.24677056689177,-0.7464426147672499
dubins_car_parallel_parking_FU_INDE_RE_INDE_status_4_iter_14_stage_5,-0.029698059692044806,-3.312223356223778,-0.009197622166264276
dubins_car_parallel_parking_FU_INDE_RE_INDE_status_4_iter_14_stage_6,-0.030789137294186884,-4.0917336504375275,-0.032453931900032026
dubins_car_parallel_parking_FU_INDE_RE_INDE_status_4_iter_14_stage_7,-0.033631518559291876,-9.789320873944693,-0.12870092273785977
dubins_car_parallel_parking_FU_INDE_RE_INDE_status_4_iter_14_stage_9,-0.03844583461859851,-6.678420736835106,-0.001875274502724884
dubins_car_parallel_parking_FU_INDE_RE_INDE_status_4_iter_14_stage_10,-0.04013087613664619,-30.36856287292897,-0.07686378191844263
dubins_car_parallel_parking_FU_INDE_RE_INDE_status_4_iter_14_stage_11,-0.04404215491394636,-21.116540544048764,-0.02214270692108216
dubins_car_parallel_parking_FU_INDE_RE_INDE_status_4_iter_14_stage_12,-0.049193238156784766,-22.466161500368944,-0.058686714103204765
dubins_car_parallel_parking_FU_INDE_RE_INDE_status_4_iter_14_stage_13,-0.05916868203430971,-37.389776653038155,-0.12742047023532446
dubins_car_parallel_parking_FU_INDE_RE_INDE_status_4_iter_14_stage_14,-0.07725968613215303,-687.5251705138913,-4.321197816674181
dubins_car_parallel_parking_FU_INDE_RE_INDE_status_4_iter_14_stage_16,-0.11700276816796934,-18.083523036244003,-0.05383250773187612
dubins_car_parallel_parking_FU_INDE_RE_INDE_status_4_iter_14_stage_17,-0.10491030611070062,-21.731169508579192,-0.1559737356462667
dubins_car_parallel_parking_FU_INDE_RE_INDE_status_4_iter_14_stage_18,-0.11123187509523023,-42.68652330058099,-0.48144689837012794
dubins_car_parallel_parking_FU_INDE_RE_INDE_status_4_iter_14_stage_20,-0.1435587734210431,9.51314501089997,-0.0018372212481061467
dubins_car_parallel_parking_FU_INDE_RE_INDE_status_4_iter_14_stage_21,-0.15446471924054267,9.696234829905293,-0.013666349846422843
dubins_car_parallel_parking_FU_INDE_RE_INDE_status_4_iter_14_stage_22,-0.20409243203566865,9.781350729289452,-0.06240283047970732
dubins_car_parallel_parking_FU_INDE_RE_INDE_status_4_iter_14_stage_23,-0.32801074808918745,10.165987397670555,-0.18095054512857053
dubins_car_parallel_parking_FU_INDE_RE_INDE_status_4_iter_14_stage_24,-0.9679234257773702,10.0,-0.8242912732304407
dubins_car_parallel_parking_FU_INDE_RE_INDE_status_4_iter_15_stage_0,-0.023147745437244852,-38.14860170821642,-0.5341123625111497
dubins_car_parallel_parking_FU_INDE_RE_INDE_status_4_iter_15_stage_2,-0.02357279037885089,-1.9220608806528623,-0.011031464447207357
dubins_car_parallel_parking_FU_INDE_RE_INDE_status_4_iter_15_stage_3,-0.023649401780483532,-5.590144281081347,-0.06681135990193997
dubins_car_parallel_parking_FU_INDE_RE_INDE_status_4_iter_15_stage_5,-0.026477419804696988,-2.5455290952655485,-0.0002805571822746683
dubins_car_parallel_parking_FU_INDE_RE_INDE_status_4_iter_15_stage_6,-0.02776182412373382,-3.4574312052289518,-0.016833122296286133
dubins_car_parallel_parking_FU_INDE_RE_INDE_status_4_iter_15_stage_7,-0.03058562199179928,-6.117254380236075,-0.06829542147729448
dubins_car_parallel_parking_FU_INDE_RE_INDE_status_4_iter_15_stage_8,-0.03235156004853561,-59.74128275520062,-0.7538876067044948
dubins_car_parallel_parking_FU_INDE_RE_INDE_status_4_iter_15_stage_10,-0.037107295661353776,-26.0695277470056,-0.058167574507832304
dubins_car_parallel_parking_FU_INDE_RE_INDE_status_4_iter_15_stage_11,-0.04103951570597631,-19.91210624257039,-0.017809399608022924
dubins_car_parallel_parking_FU_INDE_RE_INDE_status_4_iter_15_stage_12,-0.046015401099863344,-21.368948456037444,-0.049502995162549225
dubins_car_parallel_parking_FU_INDE_RE_INDE_status_4_iter_15_stage_13,-0.05547241900934718,-33.62855703774015,-0.1095807676469419
dubins_car_parallel_parking_FU_INDE_RE_INDE_status_4_iter_15_stage_14,-0.07247732631813825,-298.2386143431422,-1.7165060448047842
dubins_car_parallel_parking_FU_INDE_RE_INDE_status_4_iter_15_stage_16,-0.11469100458997519,-17.525129142276114,-0.048959194509023224
dubins_car_parallel_parking_FU_INDE_RE_INDE_status_4_iter_15_stage_17,-0.10348353586926276,-20.936460468932616,-0.1459057100644164
dubins_car_parallel_parking_FU_INDE_RE_INDE_status_4_iter_15_stage_18,-0.10912119840581211,-39.54968301036114,-0.43896961142836
dubins_car_parallel_parking_FU_INDE_RE_INDE_status_4_iter_15_stage_19,-0.12567383260741766,-7859.3023181589515,-111.81515485693052
dubins_car_parallel_parking_FU_INDE_RE_INDE_status_4_iter_15_stage_21,-0.15101619659344687,9.631263755137173,-0.011235578942795199
dubins_car_parallel_parking_FU_INDE_RE_INDE_status_4_iter_15_stage_22,-0.19958806095886106,9.730568462147211,-0.05863646648166693
dubins_car_parallel_parking_FU_INDE_RE_INDE_status_4_iter_15_stage_23,-0.3207909013528917,10.140900708838524,-0.17409253952527942
dubins_car_parallel_parking_FU_INDE_RE_INDE_status_4_iter_15_stage_24,-0.9466812822517316,10.0,-0.803049135878738
dubins_car_parallel_parking_FU_INDE_RE_INDE_status_4_iter_16_stage_0,-0.0183569144611938,-1.6774898595264305,-0.005615501480551219
dubins_car_parallel_parking_FU_INDE_RE_INDE_status_4_iter_16_stage_1,-0.018414943310869982,-3.6451865361610034,-0.029712287986127288
dubins_car_parallel_parking_FU_INDE_RE_INDE_status_4_iter_16_stage_3,-0.01987159984143273,-1.3658565677004364,-0.007615764240162612
dubins_car_parallel_parking_FU_INDE_RE_INDE_status_4_iter_16_stage_4,-0.02081072884536089,-3.659864267747473,-0.04060856408821895
dubins_car_parallel_parking_FU_INDE_RE_INDE_status_4_iter_16_stage_6,-0.02327444000581241,-2.5117249200719756,-0.0014531387357705344
dubins_car_parallel_parking_FU_INDE_RE_INDE_status_4_iter_16_stage_7,-0.025911631264914817,-3.8899463481522516,-0.026203977352071146
dubins_car_parallel_parking_FU_INDE_RE_INDE_status_4_iter_16_stage_8,-0.02777094875826521,-13.422977184163,-0.14813322445096677
dubins_car_parallel_parking_FU_INDE_RE_INDE_status_4_iter_16_stage_10,-0.0328724272542774,-21.34903301208931,-0.03735895802697162
dubins_car_parallel_parking_FU_INDE_RE_INDE_status_4_iter_16_stage_11,-0.03670607599863664,-18.558651781373765,-0.01226512220386802
dubins_car_parallel_parking_FU_INDE_RE_INDE_status_4_iter_16_stage_12,-0.041489617896571976,-20.38447453784142,-0.03858211752875069
dubins_car_parallel_parking_FU_INDE_RE_INDE_status_4_iter_16_stage_13,-0.05031671361091286,-30.30049753787212,-0.08975623571541713
dubins_car_parallel_parking_FU_INDE_RE_INDE_status_4_iter_16_stage_14,-0.06601254711698784,-200.6232543659755,-0.9951338772561242
dubins_car_parallel_parking_FU_INDE_RE_INDE_status_4_iter_16_stage_16,-0.11228910892092522,-17.03247343207713,-0.04506863944406009
dubins_car_parallel_parking_FU_INDE_RE_INDE_status_4_iter_16_stage_17,-0.10207137381981332,-20.144601162892886,-0.13696801061145483
dubins_car_parallel_parking_FU_INDE_RE_INDE_status_4_iter_16_stage_18,-0.10730626769786575,-37.190021099889584,-0.4073667847512991
dubins_car_parallel_parking_FU_INDE_RE_INDE_status_4_iter_16_stage_19,-0.1229271847921287,-505.03707860046154,-7.061553599789625
dubins_car_parallel_parking_FU_INDE_RE_INDE_status_4_iter_16_stage_21,-0.14822750057483308,9.577106994160049,-0.00925711248296368
dubins_car_parallel_parking_FU_INDE_RE_INDE_status_4_iter_16_stage_22,-0.19592703909799886,9.688054638744347,-0.05559292352026557
dubins_car_parallel_parking_FU_INDE_RE_INDE_status_4_iter_16_stage_23,-0.31492281919078574,10.119760211313535,-0.168529069335591
dubins_car_parallel_parking_FU_INDE_RE_INDE_status_4_iter_16_stage_24,-0.9294162826872806,10.0,-0.7857841415412421
dubins_car_parallel_parking_FU_INDE_RE_INDE_status_4_iter_2_stage_0,-0.019528744638590792,-1.5456212766926232,-0.009999551490650063
dubins_car_parallel_parking_FU_INDE_RE_INDE_status_4_iter_2_stage_1,-0.019529227765603598,-11.644081613593418,-0.07658479613849281
dubins_car_parallel_parking_FU_INDE_RE_INDE_status_4_iter_2_stage_3,-0.01953043292957135,-1.6700600319116459,-0.007190876925149633
dubins_car_parallel_parking_FU_INDE_RE_INDE_status_4_iter_2_stage_4,-0.019531403935043806,-9.213292232454327,-0.06109068620308351
dubins_car_parallel_parking_FU_INDE_RE_INDE_status_4_iter_2_stage_6,-0.019536385772421328,-2.201159935928298,-0.006946670379474261
dubins_car_parallel_parking_FU_INDE_RE_INDE_status_4_iter_2_stage_7,-0.019542441885303297,-9.110896768685125,-0.05473621538760842
dubins_car_parallel_parking_FU_INDE_RE_INDE_status_4_iter_2_stage_9,-0.019571664271837576,-0.8216754002218054,-0.0054747031786994
dubins_car_parallel_parking_FU_INDE_RE_INDE_status_4_iter_2_stage_10,-0.01960161387573435,-7.220585972710868,-0.049515677456705244
dubins_car_parallel_parking_FU_INDE_RE_INDE_status_4_iter_2_stage_12,-0.019688432826993434,-2.578306880979578,-0.005929458631701096
dubins_car_parallel_parking_FU_INDE_RE_INDE_status_4_iter_2_stage_13,-0.019836067573373636,-14.220625789258557,-0.10050907733440409
dubins_car_parallel_parking_FU_INDE_RE_INDE_status_4_iter_2_stage_15,-0.020553385167710526,-1.0357771466611143,-0.009387621044381907
dubins_car_parallel_parking_FU_INDE_RE_INDE_status_4_iter_2_stage_16,-0.022310927860985978,-14.03246840501457,-0.0767937162188815
dubins_car_parallel_parking_FU_INDE_RE_INDE_status_4_iter_2_stage_18,-0.033177303382230273,-3.6610974570008903,-0.0020529505068714246
dubins_car_parallel_parking_FU_INDE_RE_INDE_status_4_iter_2_stage_19,-0.04277406980072381,-7.464917634701025,-0.05140584632503658
dubins_car_parallel_parking_FU_INDE_RE_INDE_status_4_iter_2_stage_20,-0.053222004800123054,-8.638951590165371,-0.0688044032730195
dubins_car_parallel_parking_FU_INDE_RE_INDE_status_4_iter_2_stage_21,-0.06301500781908476,-32.27846839145633,-0.4008945622961004
dubins_car_parallel_parking_FU_INDE_RE_INDE_status_4_iter_2_stage_22,-0.07434261522731596,-24.592077524879294,-0.27621243950342794
dubins_car_parallel_parking_FU_INDE_RE_INDE_status_4_iter_2_stage_24,-0.27878560344415626,10.0,-0.13482571097736076
dubins_car_parallel_parking_FU_INDE_RE_INDE_status_4_iter_22_stage_0,-0.018352444204643843,-1.6699387135108865,-0.005509955286679424
dubins_car_parallel_parking_FU_INDE_RE_INDE_status_4_iter_22_stage_1,-0.018416622689967025,-3.613267245132466,-0.02896731996486178
dubins_car_parallel_parking_FU_INDE_RE_INDE_status_4_iter_22_stage_3,-0.01975038436322866,-1.357445738061024,-0.007446472670135026
dubins_car_parallel_parking_FU_INDE_RE_INDE_status_4_iter_22_stage_4,-0.020726678163952083,-3.6527370307793614,-0.04043789631691208
dubins_car_parallel_parking_FU_INDE_RE_INDE_status_4_iter_22_stage_6,-0.023311285242670798,-2.5128257452102516,-0.0015493691830381212
dubins_car_parallel_parking_FU_INDE_RE_INDE_status_4_iter_22_stage_7,-0.025943822478936784,-3.8974614703834383,-0.026422247973734034
dubins_car_parallel_parking_FU_INDE_RE_INDE_status_4_iter_22_stage_8,-0.02780446115167318,-13.49050524673133,-0.14916749310927324
dubins_car_parallel_parking_FU_INDE_RE_INDE_status_4_iter_22_stage_10,-0.0328978084331388,-21.363080723312468,-0.03745012925843766
dubins_car_parallel_parking_FU_INDE_RE_INDE_status_4_iter_22_stage_11,-0.03673359826200851,-18.557682048613795,-0.012293148904716663
dubins_car_parallel_parking_FU_INDE_RE_INDE_status_4_iter_22_stage_12,-0.0415172890526396,-20.379999103137962,-0.03864065056527871
dubins_car_parallel_parking_FU_INDE_RE_INDE_status_4_iter_22_stage_13,-0.05034775815459292,-30.303126180475346,-0.08985463536326384
dubins_car_parallel_parking_FU_INDE_RE_INDE_status_4_iter_22_stage_14,-0.06605037046140244,-200.59887579871344,-0.9962741974933862
dubins_car_parallel_parking_FU_INDE_RE_INDE_status_4_iter_22_stage_16,-0.11229030022481136,-17.029906075341263,-0.04505484440532587
dubins_car_parallel_parking_FU_INDE_RE_INDE_status_4_iter_22_stage_17,-0.102066297727786,-20.143323361398892,-0.13695519703422826
dubins_car_parallel_parking_FU_INDE_RE_INDE_status_4_iter_22_stage_18,-0.10730263054598072,-37.18453280160395,-0.40729408123215327
dubins_car_parallel_parking_FU_INDE_RE_INDE_status_4_iter_22_stage_19,-0.12292955041604489,-506.96778713051634,-7.08904050002948
dubins_car_parallel_parking_FU_INDE_RE_INDE_status_4_iter_22_stage_21,-0.14822310682947368,9.577020296992934,-0.009253982518739934
dubins_car_parallel_parking_FU_INDE_RE_INDE_status_4_iter_22_stage_22,-0.19592124470657177,9.68798644521925,-0.05558811931917354
dubins_car_parallel_parking_FU_INDE_RE_INDE_status_4_iter_22_stage_23,-0.3149135316602464,10.119726199263386,-0.16852027165713096
dubins_car_parallel_parking_FU_INDE_RE_INDE_status_4_iter_22_stage_24,-0.9293889569649645,10.0,-0.7857568158332175
dubins_car_parallel_parking_FU_INDE_RE_INDE_status_4_iter_26_stage_0,-0.01870924206382246,-1.8458228707547382,-0.007937585596663022
dubins_car_parallel_parking_FU_INDE_RE_INDE_status_4_iter_26_stage_1,-0.018772503517788218,-4.366488346357419,-0.038983366568552044
dubins_car_parallel_parking_FU_INDE_RE_INDE_status_4_iter_26_stage_3,-0.02010995941805078,-1.5127532086567739,-0.0094084104795034
dubins_car_parallel_parking_FU_INDE_RE_INDE_status_4_iter_26_stage_4,-0.021061269791569616,-4.0320963196781685,-0.046129401342187196
dubins_car_parallel_parking_FU_INDE_RE_INDE_status_4_iter_26_stage_6,-0.023573265008344592,-2.5651339606487107,-0.0022978646668410097
dubins_car_parallel_parking_FU_INDE_RE_INDE_status_4_iter_26_stage_7,-0.026218990776277533,-3.981313747222447,-0.028135735177026104
dubins_car_parallel_parking_FU_INDE_RE_INDE_status_4_iter_26_stage_8,-0.028070749884358023,-14.273560366430972,-0.16009252006073219
dubins_car_parallel_parking_FU_INDE_RE_INDE_status_4_iter_26_stage_10,-0.03316653620396944,-21.55114368772043,-0.03848968845106196
dubins_car_parallel_parking_FU_INDE_RE_INDE_status_4_iter_26_stage_11,-0.0370076073874072,-18.58436343848209,-0.012637210330315557
dubins_car_parallel_parking_FU_INDE_RE_INDE_status_4_iter_26_stage_12,-0.041802366230163326,-20.37464509571815,-0.03925353193616091
dubins_car_parallel_parking_FU_INDE_RE_INDE_status_4_iter_26_stage_13,-0.05066750465020532,-30.386002730899847,-0.09091453880127306
dubins_car_parallel_parking_FU_INDE_RE_INDE_status_4_iter_26_stage_14,-0.06643979555420387,-201.84718128054004,-1.013903100790235
dubins_car_parallel_parking_FU_INDE_RE_INDE_status_4_iter_26_stage_16,-0.11235674587486012,-17.024867953397223,-0.04505202260306765
dubins_car_parallel_parking_FU_INDE_RE_INDE_status_4_iter_26_stage_17,-0.1020687471947978,-20.154376610854122,-0.13707805090750938
dubins_car_parallel_parking_FU_INDE_RE_INDE_status_4_iter_26_stage_18,-0.10732021922486756,-37.197269178362255,-0.4074646606740203
dubins_car_parallel_parking_FU_INDE_RE_INDE_status_4_iter_26_stage_19,-0.12300778458957468,-533.257912033419,-7.4633646530444615
dubins_car_parallel_parking_FU_INDE_RE_INDE_status_4_iter_26_stage_21,-0.14825145665716746,9.577579652202164,-0.009274178594022409
dubins_car_parallel_parking_FU_INDE_RE_INDE_status_4_iter_26_stage_22,-0.19595863217281415,9.688426409342405,-0.05561911832649735
dubins_car_parallel_parking_FU_INDE_RE_INDE_status_4_iter_26_stage_23,-0.3149734582703337,10.119945627799416,-0.16857703796046286
dubins_car_parallel_parking_FU_INDE_RE_INDE_status_4_iter_26_stage_24,-0.9295652723539019,10.0,-0.7859331311628038
dubins_car_parallel_parking_FU_INDE_RE_INDE_status_4_iter_28_stage_0,-0.01988981969594952,-2.6828289848260707,-0.020130490758610342
dubins_car_parallel_parking_FU_INDE_RE_INDE_status_4_iter_28_stage_1,-0.01996002787878501,-15.361164044938901,-0.17479010164713846
dubins_car_parallel_parking_FU_INDE_RE_INDE_status_4_iter_28_stage_3,-0.021313995430264614,-2.195483481753517,-0.01850153964956219
dubins_car_parallel_parking_FU_INDE_RE_INDE_status_4_iter_28_stage_4,-0.022254946462866767,-6.200769273120561,-0.07846995277058474
dubins_car_parallel_parking_FU_INDE_RE_INDE_status_4_iter_28_stage_6,-0.02469023122662423,-2.8058802230424438,-0.005644116535160296
dubins_car_parallel_parking_FU_INDE_RE_INDE_status_4_iter_28_stage_7,-0.027311633510654305,-4.346338125522144,-0.03547803507404178
dubins_car_parallel_parking_FU_INDE_RE_INDE_status_4_iter_28_stage_8,-0.02908835354921142,-18.82525493942007,-0.22164687669931593
dubins_car_parallel_parking_FU_INDE_RE_INDE_status_4_iter_28_stage_10,-0.0343095952261992,-22.375039984306937,-0.04306652748283177
dubins_car_parallel_parking_FU_INDE_RE_INDE_status_4_iter_28_stage_11,-0.038152587084305974,-18.717359533353488,-0.014168522361135793
dubins_car_parallel_parking_FU_INDE_RE_INDE_status_4_iter_28_stage_12,-0.04300542996412867,-20.387403809974764,-0.041903116870182375
dubins_car_parallel_parking_FU_INDE_RE_INDE_status_4_iter_28_stage_13,-0.05201676165209308,-30.793000575986568,-0.09549927442896955
dubins_car_parallel_parking_FU_INDE_RE_INDE_status_4_iter_28_stage_14,-0.06808295381824532,-209.2578170113919,-1.0998759960712654
dubins_car_parallel_parking_FU_INDE_RE_INDE_status_4_iter_28_stage_16,-0.11268899774464497,-17.024063293247227,-0.04517471156592337
dubins_car_parallel_parking_FU_INDE_RE_INDE_status_4_iter_28_stage_17,-0.1021311044458823,-20.223896461881402,-0.137840529425049
dubins_car_parallel_parking_FU_INDE_RE_INDE_status_4_iter_28_stage_18,-0.10744760696089585,-37.31894851226417,-0.4090863643981539
dubins_car_parallel_parking_FU_INDE_RE_INDE_status_4_iter_28_stage_19,-0.12339025516972241,-690.0650427076754,-9.696235538372157
dubins_car_parallel_parking_FU_INDE_RE_INDE_status_4_iter_28_stage_21,-0.1484431126423395,9.581356571532229,-0.009410655537431312
dubins_car_parallel_parking_FU_INDE_RE_INDE_status_4_iter_28_stage_22,-0.1962113112518621,9.691396695845878,-0.05582866671094963
dubins_car_parallel_parking_FU_INDE_RE_INDE_status_4_iter_28_stage_23,-0.31537846586555385,10.121426675513288,-0.1689607140155654
dubins_car_parallel_parking_FU_INDE_RE_INDE_status_4_iter_28_stage_24,-0.9307568807548421,10.0,-0.7871247391983303
dubins_car_parallel_parking_FU_INDE_RE_INDE_status_4_iter_29_stage_0,-0.018291762989863933,-1.6435204873912301,-0.005151592210311393
dubins_car_parallel_parking_FU_INDE_RE_INDE_status_4_iter_29_stage_1,-0.018354899821579757,-3.5152068171404247,-0.027724699829024865
dubins_car_parallel_parking_FU_INDE_RE_INDE_status_4_iter_29_stage_3,-0.0197168355531815,-1.3337077227459155,-0.007166329149872821
dubins_car_parallel_parking_FU_INDE_RE_INDE_status_4_iter_29_stage_4,-0.02068798014938995,-3.595429757137329,-0.03959449749851839
dubins_car_parallel_parking_FU_INDE_RE_INDE_status_4_iter_29_stage_6,-0.023259739674686558,-2.5048183378553164,-0.001405384083008901
dubins_car_parallel_parking_FU_INDE_RE_INDE_status_4_iter_29_stage_7,-0.025889595975125614,-3.8821219594263088,-0.02608269362404348
dubins_car_parallel_parking_FU_INDE_RE_INDE_status_4_iter_29_stage_8,-0.02775044159121727,-13.356041085486257,-0.14724420602641777
dubins_car_parallel_parking_FU_INDE_RE_INDE_status_4_iter_29_stage_10,-0.03284838561245848,-21.330289091837763,-0.03726330718345765
dubins_car_parallel_parking_FU_INDE_RE_INDE_status_4_iter_29_stage_11,-0.03668226125898969,-18.554441269575975,-0.012232508042658106
dubins_car_parallel_parking_FU_INDE_RE_INDE_status_4_iter_29_stage_12,-0.04146443651804259,-20.38299756082777,-0.03852794665244759
dubins_car_parallel_parking_FU_INDE_RE_INDE_status_4_iter_29_stage_13,-0.05028847800829321,-30.29057539648697,-0.08966094892007712
dubins_car_parallel_parking_FU_INDE_RE_INDE_status_4_iter_29_stage_14,-0.06597817206628663,-200.44670751531922,-0.9933369390328002
dubins_car_parallel_parking_FU_INDE_RE_INDE_status_4_iter_29_stage_16,-0.11228068730865937,-17.031910698933892,-0.04506233359307671
dubins_car_parallel_parking_FU_INDE_RE_INDE_status_4_iter_29_stage_17,-0.10206857910322825,-20.14248188423135,-0.13694513390253665
dubins_car_parallel_parking_FU_INDE_RE_INDE_status_4_iter_29_stage_18,-0.10730212020423327,-37.18563631642062,-0.40730843774504705
dubins_car_parallel_parking_FU_INDE_RE_INDE_status_4_iter_29_stage_19,-0.12291773549790018,-502.6175345039913,-7.027103125557143
dubins_car_parallel_parking_FU_INDE_RE_INDE_status_4_iter_29_stage_21,-0.14822152775260064,9.576989135746675,-0.009252857682222282
dubins_car_parallel_parking_FU_INDE_RE_INDE_status_4_iter_29_stage_22,-0.19591916219426625,9.687961934454307,-0.0555863927170159
dubins_car_parallel_parking_FU_INDE_RE_INDE_status_4_iter_29_stage_23,-0.31491019367344175,10.119713975074207,-0.1685171097298547
dubins_car_parallel_parking_FU_INDE_RE_INDE_status_4_iter_29_stage_24,-0.9293791360364194,10.0,-0.785746994901837
dubins_car_parallel_parking_FU_INDE_RE_INDE_status_4_iter_3_stage_1,-0.028105099624751557,-2.385317836267358,-0.006656128975049944
dubins_car_parallel_parking_FU_INDE_RE_INDE_status_4_iter_3_stage_2,-0.02810619200496597,-4.455034845545445,-0.027849386295828886
dubins_car_parallel_parking_FU_INDE_RE_INDE_status_4_iter_3_stage_3,-0.028107439764192922,-7.966138111541669,-0.0711303200508134
dubins_car_parallel_parking_FU_INDE_RE_INDE_status_4_iter_3_stage_5,-0.0281119262698207,0.24837398202021096,-0.0018257959800622656
dubins_car_parallel_parking_FU_INDE_RE_INDE_status_4_iter_3_stage_6,-0.02811664579414548,-0.8615898212811295,-0.014738037068967508
dubins_car_parallel_parking_FU_INDE_RE_INDE_status_4_iter_3_stage_7,-0.028124850932268776,-4.453793950635551,-0.05083856636599147
dubins_car_parallel_parking_FU_INDE_RE_INDE_status_4_iter_3_stage_8,-0.028139107243246184,-24.86918157154216,-0.23970681647667164
dubins_car_parallel_parking_FU_INDE_RE_INDE_status_4_iter_3_stage_10,-0.02821022100656069,-3.5380932051139657,-0.008630478908445344
dubins_car_parallel_parking_FU_INDE_RE_INDE_status_4_iter_3_stage_11,-0.0282568677250737,-4.663239147000212,-0.02433852447844082
dubins_car_parallel_parking_FU_INDE_RE_INDE_status_4_iter_3_stage_12,-0.028314480546991604,-17.086564712826767,-0.11782261418057265
dubins_car_parallel_parking_FU_INDE_RE_INDE_status_4_iter_3_stage_14,-0.028451783519432398,-0.13037233647397703,-0.005898896325804039
dubins_car_parallel_parking_FU_INDE_RE_INDE_status_4_iter_3_stage_15,-0.02859721275896496,-3.4509951453897445,-0.0380530609816505
dubins_car_parallel_parking_FU_INDE_RE_INDE_status_4_iter_3_stage_16,-0.029883646545947898,-7.828998207535171,-0.08822431096284897
dubins_car_parallel_parking_FU_INDE_RE_INDE_status_4_iter_3_stage_18,-0.037650718387929785,-4.76908439577441,-0.010663672691893764
dubins_car_parallel_parking_FU_INDE_RE_INDE_status_4_iter_3_stage_19,-0.04501521940190072,-5.438699988157,-0.0234849612359577
dubins_car_parallel_parking_FU_INDE_RE_INDE_status_4_iter_3_stage_20,-0.05515674279032617,-16.840153764983945,-0.17707375247604107
dubins_car_parallel_parking_FU_INDE_RE_INDE_status_4_iter_3_stage_21,-0.06783892538801767,-12.24456076940783,-0.10452624925338594
dubins_car_parallel_parking_FU_INDE_RE_INDE_status_4_iter_3_stage_23,-0.09431714316452076,-29.164959788427954,-0.3219461993993668
dubins_car_parallel_parking_FU_INDE_RE_INDE_status_4_iter_30_stage_0,-0.0284006191545707,-1.7244714952186575,-0.013728994153606566
dubins_car_parallel_parking_FU_INDE_RE_INDE_status_4_iter_30_stage_1,-0.02847629940806138,-3.2300515993445953,-0.03246150885520341
dubins_car_parallel_parking_FU_INDE_RE_INDE_status_4_iter_30_stage_2,-0.028502818179886445,-7.20519376183074,-0.08607032057891502
dubins_car_parallel_parking_FU_INDE_RE_INDE_status_4_iter_30_stage_4,-0.03040766804312005,-2.680445519903971,-0.0033145378144188303
dubins_car_parallel_parking_FU_INDE_RE_INDE_status_4_iter_30_stage_5,-0.03203696931028582,-3.8947566275146173,-0.01448169125129952
dubins_car_parallel_parking_FU_INDE_RE_INDE_status_4_iter_30_stage_6,-0.0325920167350479,-4.885576109427726,-0.04353866836042797
dubins_car_parallel_parking_FU_INDE_RE_INDE_status_4_iter_30_stage_7,-0.03447680722068948,-10.04637175376559,-0.13878995370095354
dubins_car_parallel_parking_FU_INDE_RE_INDE_status_4_iter_30_stage_9,-0.03889151313250642,-7.6476672501001195,-0.005853335301970564
dubins_car_parallel_parking_FU_INDE_RE_INDE_status_4_iter_30_stage_10,-0.0422219384800177,-36.38322562373578,-0.09732751463704739
dubins_car_parallel_parking_FU_INDE_RE_INDE_status_4_iter_30_stage_11,-0.045823376454233705,-23.432401188880398,-0.026416750330354722
dubins_car_parallel_parking_FU_INDE_RE_INDE_status_4_iter_30_stage_12,-0.051372153759330894,-24.598043774173796,-0.06466133416009799
dubins_car_parallel_parking_FU_INDE_RE_INDE_status_4_iter_30_stage_13,-0.0616297846060431,-41.490278332535055,-0.1403395631584169
dubins_car_parallel_parking_FU_INDE_RE_INDE_status_4_iter_30_stage_14,-0.08029879370472429,-3240.7255790204717,-20.59499342381705
dubins_car_parallel_parking_FU_INDE_RE_INDE_status_4_iter_30_stage_16,-0.11973848724895543,-19.12307000391787,-0.06013563565278196
dubins_car_parallel_parking_FU_INDE_RE_INDE_status_4_iter_30_stage_17,-0.10752064353454645,-23.081018994430018,-0.1691615864239951
dubins_car_parallel_parking_FU_INDE_RE_INDE_status_4_iter_30_stage_18,-0.1135086124580227,-46.21583526323591,-0.5286917850663095
dubins_car_parallel_parking_FU_INDE_RE_INDE_status_4_iter_30_stage_20,-0.1462673416024243,9.57018404576613,-0.0038481619396062428
dubins_car_parallel_parking_FU_INDE_RE_INDE_status_4_iter_30_stage_21,-0.1572462452975004,9.748305668474746,-0.015755958321499508
dubins_car_parallel_parking_FU_INDE_RE_INDE_status_4_iter_30_stage_22,-0.20779424249397582,9.82187706038213,-0.065515326486699
dubins_car_parallel_parking_FU_INDE_RE_INDE_status_4_iter_30_stage_23,-0.33394420708285755,10.185879127199309,-0.18659679385640582
dubins_car_parallel_parking_FU_INDE_RE_INDE_status_4_iter_30_stage_24,-0.9853807740494,10.0,-0.84174861662319
dubins_car_parallel_parking_FU_INDE_RE_INDE_status_4_iter_32_stage_0,-0.021258595984585505,-4.466243223979857,-0.04708244389203799
dubins_car_parallel_parking_FU_INDE_RE_INDE_status_4_iter_32_stage_2,-0.02143735074832295,-1.121224009320839,-0.0031474790194651924
dubins_car_parallel_parking_FU_INDE_RE_INDE_status_4_iter_32_stage_3,-0.02264540365700024,-3.123191949282906,-0.03151725407891542
dubins_car_parallel_parking_FU_INDE_RE_INDE_status_4_iter_32_stage_4,-0.02356773171451045,-11.389493793723162,-0.15549530634318684
dubins_car_parallel_parking_FU_INDE_RE_INDE_status_4_iter_32_stage_6,-0.025806704734368167,-3.073453768350603,-0.0093251260680031
dubins_car_parallel_parking_FU_INDE_RE_INDE_status_4_iter_32_stage_7,-0.028271003004501163,-4.703217415213209,-0.0427010145385862
dubins_car_parallel_parking_FU_INDE_RE_INDE_status_4_iter_32_stage_8,-0.02985702720928207,-27.747698116822306,-0.337975985915796
dubins_car_parallel_parking_FU_INDE_RE_INDE_status_4_iter_32_stage_10,-0.03547065535032298,-23.59340663230298,-0.04867778267622994
dubins_car_parallel_parking_FU_INDE_RE_INDE_status_4_iter_32_stage_11,-0.03926268866027131,-19.061697731415375,-0.015891403924814015
dubins_car_parallel_parking_FU_INDE_RE_INDE_status_4_iter_32_stage_12,-0.04422137653011963,-20.63837803915232,-0.044866680153950865
dubins_car_parallel_parking_FU_INDE_RE_INDE_status_4_iter_32_stage_13,-0.05341280972727701,-31.68042660030454,-0.10087820447218199
dubins_car_parallel_parking_FU_INDE_RE_INDE_status_4_iter_32_stage_14,-0.06984756894643147,-232.40593258169807,-1.2728219584613287
dubins_car_parallel_parking_FU_INDE_RE_INDE_status_4_iter_32_stage_16,-0.11335194257588162,-17.150839642724552,-0.04623769060225846
dubins_car_parallel_parking_FU_INDE_RE_INDE_status_4_iter_32_stage_17,-0.10250341080986171,-20.431820366141686,-0.1402586558844551
dubins_car_parallel_parking_FU_INDE_RE_INDE_status_4_iter_32_stage_18,-0.10794968854781506,-37.945849772503536,-0.4174819556597406
dubins_car_parallel_parking_FU_INDE_RE_INDE_status_4_iter_32_stage_19,-0.12415889326164758,-1072.123714465295,-15.13700828650772
dubins_car_parallel_parking_FU_INDE_RE_INDE_status_4_iter_32_stage_21,-0.14920970735385056,9.5963233297769,-0.009949768786437496
dubins_car_parallel_parking_FU_INDE_RE_INDE_status_4_iter_32_stage_22,-0.1972165402294935,9.703158968364834,-0.056663083659251906
dubins_car_parallel_parking_FU_INDE_RE_INDE_status_4_iter_32_stage_23,-0.31698970083605604,10.127285516169577,-0.17048755100927587
dubins_car_parallel_parking_FU_INDE_RE_INDE_status_4_iter_32_stage_24,-0.9354974366756258,10.0,-0.7918652936664237
dubins_car_parallel_parking_FU_INDE_RE_INDE_status_4_iter_33_stage_1,-0.025433262285186286,-1.5108424278712658,-0.008924331089521965
dubins_car_parallel_parking_FU_INDE_RE_INDE_status_4_iter_33_stage_2,-0.025578240318237987,-3.224883542858935,-0.03006512331717978
dubins_car_parallel_parking_FU_INDE_RE_INDE_status_4_iter_33_stage_3,-0.026445567057339234,-13.190413805380157,-0.17984035721488748
dubins_car_parallel_parking_FU_INDE_RE_INDE_status_4_iter_33_stage_5,-0.028794111978314284,-3.079495601339036,-0.005487772670157334
dubins_car_parallel_parking_FU_INDE_RE_INDE_status_4_iter_33_stage_6,-0.02984572908953617,-4.156443473807351,-0.025848141268288716
dubins_car_parallel_parking_FU_INDE_RE_INDE_status_4_iter_33_stage_7,-0.03165537860737854,-6.358635033611719,-0.07684862625691566
dubins_car_parallel_parking_FU_INDE_RE_INDE_status_4_iter_33_stage_9,-0.036071516967511645,-6.596135962706021,-0.0018874900383933557
dubins_car_parallel_parking_FU_INDE_RE_INDE_status_4_iter_33_stage_10,-0.03950198350404566,-30.160413256189592,-0.07431473630318308
dubins_car_parallel_parking_FU_INDE_RE_INDE_status_4_iter_33_stage_11,-0.043071583501232066,-21.341920935242527,-0.02213381682785448
dubins_car_parallel_parking_FU_INDE_RE_INDE_status_4_iter_33_stage_12,-0.048438965634082336,-22.659140919671092,-0.05618811977620869
dubins_car_parallel_parking_FU_INDE_RE_INDE_status_4_iter_33_stage_13,-0.0582772531510737,-36.85523427301909,-0.12273652125793022
dubins_car_parallel_parking_FU_INDE_RE_INDE_status_4_iter_33_stage_14,-0.07607532602414438,-508.92593797826123,-3.092972207245504
dubins_car_parallel_parking_FU_INDE_RE_INDE_status_4_iter_33_stage_16,-0.11684050986291399,-18.175466294878778,-0.053551378797920796
dubins_car_parallel_parking_FU_INDE_RE_INDE_status_4_iter_33_stage_17,-0.10516054787536694,-21.807940481988567,-0.15543277523591395
dubins_car_parallel_parking_FU_INDE_RE_INDE_status_4_iter_33_stage_18,-0.11099657146924174,-42.242796947974384,-0.47512243706363433
dubins_car_parallel_parking_FU_INDE_RE_INDE_status_4_iter_33_stage_20,-0.14288568918458347,9.494927662412897,-0.001548926183280841
dubins_car_parallel_parking_FU_INDE_RE_INDE_status_4_iter_33_stage_21,-0.15373500395715517,9.683011239051618,-0.01319289658984707
dubins_car_parallel_parking_FU_INDE_RE_INDE_status_4_iter_33_stage_22,-0.20316549650852073,9.771034456189161,-0.061625858369405345
dubins_car_parallel_parking_FU_INDE_RE_INDE_status_4_iter_33_stage_23,-0.3265250065278116,10.160905632060501,-0.17953813443355035
dubins_car_parallel_parking_FU_INDE_RE_INDE_status_4_iter_33_stage_24,-0.9635520956985396,10.0,-0.819919944398053
dubins_car_parallel_parking_FU_INDE_RE_INDE_status_4_iter_34_stage_0,-0.020438700366054625,-2.9800014438785705,-0.02453566822338091
dubins_car_parallel_parking_FU_INDE_RE_INDE_status_4_iter_34_stage_1,-0.020487505534040884,-24.733740141120876,-0.31083935994655987
dubins_car_parallel_parking_FU_INDE_RE_INDE_status_4_iter_34_stage_3,-0.021708154534265046,-2.2827161147127626,-0.019860604261334805
dubins_car_parallel_parking_FU_INDE_RE_INDE_status_4_iter_34_stage_4,-0.022607961893689778,-6.915793788378938,-0.08948475524311328
dubins_car_parallel_parking_FU_INDE_RE_INDE_status_4_iter_34_stage_6,-0.024711923324596315,-2.8743496520664276,-0.005751512992918428
dubins_car_parallel_parking_FU_INDE_RE_INDE_status_4_iter_34_stage_7,-0.02698753162859326,-4.251818454521432,-0.032706721492784696
dubins_car_parallel_parking_FU_INDE_RE_INDE_status_4_iter_34_stage_8,-0.028477166896959172,-20.16589347360457,-0.2376664047182401
dubins_car_parallel_parking_FU_INDE_RE_INDE_status_4_iter_34_stage_10,-0.03443952476421458,-23.09745846794827,-0.045120657396085576
dubins_car_parallel_parking_FU_INDE_RE_INDE_status_4_iter_34_stage_11,-0.03815949083138822,-19.056884477639574,-0.014724820856560345
dubins_car_parallel_parking_FU_INDE_RE_INDE_status_4_iter_34_stage_12,-0.04315123801052309,-20.70369830873442,-0.04248864487662275
dubins_car_parallel_parking_FU_INDE_RE_INDE_status_4_iter_34_stage_13,-0.052246759847040455,-31.441332072028132,-0.09686245339584999
dubins_car_parallel_parking_FU_INDE_RE_INDE_status_4_iter_34_stage_14,-0.06848327748806479,-223.27413391310566,-1.1802883599255645
dubins_car_parallel_parking_FU_INDE_RE_INDE_status_4_iter_34_stage_16,-0.11312842923042989,-17.189450571559448,-0.046258287728630915
dubins_car_parallel_parking_FU_INDE_RE_INDE_status_4_iter_34_stage_17,-0.10255729110693279,-20.417175749930188,-0.13987763478356743
dubins_car_parallel_parking_FU_INDE_RE_INDE_status_4_iter_34_stage_18,-0.10787979459466324,-37.86716411440622,-0.4163725306540105
dubins_car_parallel_parking_FU_INDE_RE_INDE_status_4_iter_34_stage_19,-0.12383000208382938,-785.8291418045691,-11.06039245189351
dubins_car_parallel_parking_FU_INDE_RE_INDE_status_4_iter_34_stage_21,-0.149021451319868,9.592722135367298,-0.009823423151603061
dubins_car_parallel_parking_FU_INDE_RE_INDE_status_4_iter_34_stage_22,-0.19697409246271913,9.700329988391362,-0.05646172066583774
dubins_car_parallel_parking_FU_INDE_RE_INDE_status_4_iter_34_stage_23,-0.31660109253529506,10.125877274318158,-0.17011923068061968
dubins_car_parallel_parking_FU_INDE_RE_INDE_status_4_iter_34_stage_24,-0.9343540779229588,10.0,-0.7907219352623331
dubins_car_parallel_parking_FU_INDE_RE_INDE_status_4_iter_35_stage_0,-0.02599324052100211,-4.78810994992835,-0.04909349260905999
dubins_car_parallel_parking_FU_INDE_RE_INDE_status_4_iter_35_stage_2,-0.021738461147660218,-1.0120849122783278,-0.002672841668558989
dubins_car_parallel_parking_FU_INDE_RE_INDE_status_4_iter_35_stage_3,-0.02242488675838351,-2.7801224064106105,-0.02652378180153167
dubins_car_parallel_parking_FU_INDE_RE_INDE_status_4_iter_35_stage_4,-0.02268855233875206,-14.34024654602917,-0.19755553366760945
dubins_car_parallel_parking_FU_INDE_RE_INDE_status_4_iter_35_stage_6,-0.026044621772484556,-3.3646227623889926,-0.00969697335269109
dubins_car_parallel_parking_FU_INDE_RE_INDE_status_4_iter_35_stage_7,-0.02805571232746836,-4.618126131752878,-0.03812742105051768
dubins_car_parallel_parking_FU_INDE_RE_INDE_status_4_iter_35_stage_8,-0.029194203613312375,-35.91902572658529,-0.42924260272154674
dubins_car_parallel_parking_FU_INDE_RE_INDE_status_4_iter_35_stage_10,-0.03585366560577714,-24.136170293598813,-0.05073392965895296
dubins_car_parallel_parking_FU_INDE_RE_INDE_status_4_iter_35_stage_11,-0.03945740102216357,-19.405071587342864,-0.01691135892411064
dubins_car_parallel_parking_FU_INDE_RE_INDE_status_4_iter_35_stage_12,-0.04452642472713017,-20.97107945929355,-0.045508828764635245
dubins_car_parallel_parking_FU_INDE_RE_INDE_status_4_iter_35_stage_13,-0.05373102047177052,-32.15977872890492,-0.10224002245422098
dubins_car_parallel_parking_FU_INDE_RE_INDE_status_4_iter_35_stage_14,-0.07018963787911363,-246.63579093694392,-1.3431169125366251
dubins_car_parallel_parking_FU_INDE_RE_INDE_status_4_iter_35_stage_16,-0.1138444552645287,-17.320146237775766,-0.04727220472871693
dubins_car_parallel_parking_FU_INDE_RE_INDE_status_4_iter_35_stage_17,-0.10295845738021654,-20.64813512979753,-0.14238434905655448
dubins_car_parallel_parking_FU_INDE_RE_INDE_status_4_iter_35_stage_18,-0.10837050833472493,-38.47042113435766,-0.4244208502413531
dubins_car_parallel_parking_FU_INDE_RE_INDE_status_4_iter_35_stage_19,-0.12461603168909827,-1483.8377256820847,-21.002586182158744
dubins_car_parallel_parking_FU_INDE_RE_INDE_status_4_iter_35_stage_21,-0.1497268031816282,9.60648992866069,-0.010326626646981085
dubins_car_parallel_parking_FU_INDE_RE_INDE_status_4_iter_35_stage_22,-0.19790298257224542,9.711141509194915,-0.05723358925221711
dubins_car_parallel_parking_FU_INDE_RE_INDE_status_4_iter_35_stage_23,-0.3180899679063727,10.131256132021633,-0.1715306084521822
dubins_car_parallel_parking_FU_INDE_RE_INDE_status_4_iter_35_stage_24,-0.9387346292493205,10.0,-0.7951024852630816
dubins_car_parallel_parking_FU_INDE_RE_INDE_status_4_iter_36_stage_1,-0.018172451195952233,-2.530946607576912,-0.019647540278211806
dubins_car_parallel_parking_FU_INDE_RE_INDE_status_4_iter_36_stage_3,-0.018844396086276204,-0.8135589617206543,-0.0006915132968769705
dubins_car_parallel_parking_FU_INDE_RE_INDE_status_4_iter_36_stage_4,-0.01898198728190544,-3.4141920820513465,-0.03638322849365382
dubins_car_parallel_parking_FU_INDE_RE_INDE_status_4_iter_36_stage_5,-0.020623959606893692,-57.271015838143505,-0.828458607632559
dubins_car_parallel_parking_FU_INDE_RE_INDE_status_4_iter_36_stage_7,-0.024484025545373413,-3.7485835264243588,-0.016635113012700806
dubins_car_parallel_parking_FU_INDE_RE_INDE_status_4_iter_36_stage_8,-0.025740721496079342,-11.645973022202629,-0.11761228147515676
dubins_car_parallel_parking_FU_INDE_RE_INDE_status_4_iter_36_stage_10,-0.03235048425854654,-20.96013230472223,-0.03394803420099536
dubins_car_parallel_parking_FU_INDE_RE_INDE_status_4_iter_36_stage_11,-0.03588376924960958,-18.5064435507613,-0.01203127246041514
dubins_car_parallel_parking_FU_INDE_RE_INDE_status_4_iter_36_stage_12,-0.04080147498046626,-20.416877519270233,-0.0371286436904832
dubins_car_parallel_parking_FU_INDE_RE_INDE_status_4_iter_36_stage_13,-0.049544890574016044,-30.12999189528285,-0.08724484512530732
dubins_car_parallel_parking_FU_INDE_RE_INDE_status_4_iter_36_stage_14,-0.06507254274596125,-198.58537750899575,-0.9572540488073891
dubins_car_parallel_parking_FU_INDE_RE_INDE_status_4_iter_36_stage_16,-0.11215664714341013,-17.05573146713871,-0.04514787654980365
dubins_car_parallel_parking_FU_INDE_RE_INDE_status_4_iter_36_stage_17,-0.10209370486848017,-20.1302964904898,-0.13680192192614368
dubins_car_parallel_parking_FU_INDE_RE_INDE_status_4_iter_36_stage_18,-0.10729221447438861,-37.19522907260825,-0.40743171020547897
dubins_car_parallel_parking_FU_INDE_RE_INDE_status_4_iter_36_stage_19,-0.12276610698536591,-453.4000588874303,-6.326385667580771
dubins_car_parallel_parking_FU_INDE_RE_INDE_status_4_iter_36_stage_21,-0.14819702418259137,9.576505549830575,-0.009235403309192924
dubins_car_parallel_parking_FU_INDE_RE_INDE_status_4_iter_36_stage_22,-0.1958868470932833,9.6875815654906,-0.055559600712407675
dubins_car_parallel_parking_FU_INDE_RE_INDE_status_4_iter_36_stage_23,-0.3148583973667062,10.119524241824557,-0.16846804602833032
dubins_car_parallel_parking_FU_INDE_RE_INDE_status_4_iter_36_stage_24,-0.9292267317603733,10.0,-0.7855945906727524
dubins_car_parallel_parking_FU_INDE_RE_INDE_status_4_iter_38_stage_1,-0.017643841075892636,-2.0590494064156357,-0.012723256179679645
dubins_car_parallel_parking_FU_INDE_RE_INDE_status_4_iter_38_stage_2,-0.01777117123797024,-15.565088497705982,-0.18765915210397843
dubins_car_parallel_parking_FU_INDE_RE_INDE_status_4_iter_38_stage_4,-0.018447199418293862,-2.810490582928218,-0.027923358643304814
dubins_car_parallel_parking_FU_INDE_RE_INDE_status_4_iter_38_stage_5,-0.020065964629197415,-18.025422343030616,-0.25487517034881724
dubins_car_parallel_parking_FU_INDE_RE_INDE_status_4_iter_38_stage_7,-0.02392266097584714,-3.619704595030388,-0.014197934226370851
dubins_car_parallel_parking_FU_INDE_RE_INDE_status_4_iter_38_stage_8,-0.0252283594934858,-10.599358735317182,-0.10266665532719739
dubins_car_parallel_parking_FU_INDE_RE_INDE_status_4_iter_38_stage_10,-0.031783076434979,-20.68938764948158,-0.03242847565283902
dubins_car_parallel_parking_FU_INDE_RE_INDE_status_4_iter_38_stage_11,-0.035315918946773654,-18.54994429030736,-0.011369640763645278
dubins_car_parallel_parking_FU_INDE_RE_INDE_status_4_iter_38_stage_12,-0.04020523672369078,-20.551304899485817,-0.03591371982183091
dubins_car_parallel_parking_FU_INDE_RE_INDE_status_4_iter_38_stage_13,-0.048876140225077074,-30.12907420138844,-0.08520110976463516
dubins_car_parallel_parking_FU_INDE_RE_INDE_status_4_iter_38_stage_14,-0.06425805818808829,-200.92861165082232,-0.9402656436962176
dubins_car_parallel_parking_FU_INDE_RE_INDE_status_4_iter_38_stage_16,-0.11218471276733993,-17.13269494879983,-0.04558783183855297
dubins_car_parallel_parking_FU_INDE_RE_INDE_status_4_iter_38_stage_17,-0.1022574688931242,-20.181646385623516,-0.1373293070928164
dubins_car_parallel_parking_FU_INDE_RE_INDE_status_4_iter_38_stage_18,-0.10742528846910479,-37.38352201873073,-0.40992685559549635
dubins_car_parallel_parking_FU_INDE_RE_INDE_status_4_iter_38_stage_19,-0.12276858481073932,-425.6706204230711,-5.931667268594595
dubins_car_parallel_parking_FU_INDE_RE_INDE_status_4_iter_38_stage_21,-0.14836479795764826,9.57981462770147,-0.00935494020066674
dubins_car_parallel_parking_FU_INDE_RE_INDE_status_4_iter_38_stage_22,-0.1961081057153148,9.690184162721383,-0.05574306821693886
dubins_car_parallel_parking_FU_INDE_RE_INDE_status_4_iter_38_stage_23,-0.3152130425108403,10.120822155658608,-0.16880399772876004
dubins_car_parallel_parking_FU_INDE_RE_INDE_status_4_iter_38_stage_24,-0.9302701742089446,10.0,-0.786638032800575
dubins_car_parallel_parking_FU_INDE_RE_INDE_status_4_iter_39_stage_1,-0.018438681980483977,-3.066571183745532,-0.027396855019688873
dubins_car_parallel_parking_FU_INDE_RE_INDE_status_4_iter_39_stage_3,-0.019351849176006873,-1.0355475347297107,-0.0031682815946005192
dubins_car_parallel_parking_FU_INDE_RE_INDE_status_4_iter_39_stage_4,-0.019666774627040487,-3.7855036432305815,-0.04186338479273263
dubins_car_parallel_parking_FU_INDE_RE_INDE_status_4_iter_39_stage_6,-0.022949509220685175,-2.769323313164665,-0.0003941777162008095
dubins_car_parallel_parking_FU_INDE_RE_INDE_status_4_iter_39_stage_7,-0.025048332401811445,-3.8435033970593016,-0.01969835509913685
dubins_car_parallel_parking_FU_INDE_RE_INDE_status_4_iter_39_stage_8,-0.026448864033050527,-13.375086883779714,-0.13996193410281793
dubins_car_parallel_parking_FU_INDE_RE_INDE_status_4_iter_39_stage_10,-0.032768817222197155,-21.695174416366694,-0.037757039322613435
dubins_car_parallel_parking_FU_INDE_RE_INDE_status_4_iter_39_stage_11,-0.036369792096016255,-18.948886270179905,-0.012731215680805853
dubins_car_parallel_parking_FU_INDE_RE_INDE_status_4_iter_39_stage_12,-0.04127554758105161,-20.839068345586504,-0.0382072404901709
dubins_car_parallel_parking_FU_INDE_RE_INDE_status_4_iter_39_stage_13,-0.05007661717264626,-30.853492717741755,-0.08943252389340817
dubins_car_parallel_parking_FU_INDE_RE_INDE_status_4_iter_39_stage_14,-0.06572014239313727,-216.95000083433453,-1.0477414070057738
dubins_car_parallel_parking_FU_INDE_RE_INDE_status_4_iter_39_stage_16,-0.11282941696684291,-17.271193663430942,-0.04660548884982277
dubins_car_parallel_parking_FU_INDE_RE_INDE_status_4_iter_39_stage_17,-0.10266624864931338,-20.401966611117928,-0.13967590297586643
dubins_car_parallel_parking_FU_INDE_RE_INDE_status_4_iter_39_stage_18,-0.10789323631735617,-37.94582495378987,-0.41740679380468176
dubins_car_parallel_parking_FU_INDE_RE_INDE_status_4_iter_39_stage_19,-0.12345537741317075,-543.7344535421962,-7.612853376839855
dubins_car_parallel_parking_FU_INDE_RE_INDE_status_4_iter_39_stage_21,-0.14900868300652495,9.592471856390514,-0.009814306740023482
dubins_car_parallel_parking_FU_INDE_RE_INDE_status_4_iter_39_stage_22,-0.1969572557781024,9.700133349041492,-0.05644773966101885
dubins_car_parallel_parking_FU_INDE_RE_INDE_status_4_iter_39_stage_23,-0.31657410581609025,10.125779366317104,-0.17009365442618607
dubins_car_parallel_parking_FU_INDE_RE_INDE_status_4_iter_39_stage_24,-0.9342746776216831,10.0,-0.7906425349745887
dubins_car_parallel_parking_FU_INDE_RE_INDE_status_4_iter_40_stage_1,-0.018551661774285154,-3.1262508996929834,-0.028229711084046854
dubins_car_parallel_parking_FU_INDE_RE_INDE_status_4_iter_40_stage_3,-0.01936332091604102,-1.0422416048279164,-0.00325311089779832
dubins_car_parallel_parking_FU_INDE_RE_INDE_status_4_iter_40_stage_4,-0.019623847960960252,-3.821603671265631,-0.04234947403016215
dubins_car_parallel_parking_FU_INDE_RE_INDE_status_4_iter_40_stage_6,-0.023013147010225558,-2.774139506563167,-0.0005462505619271696
dubins_car_parallel_parking_FU_INDE_RE_INDE_status_4_iter_40_stage_7,-0.02508378725383023,-3.8477486463028674,-0.019853703936603698
dubins_car_parallel_parking_FU_INDE_RE_INDE_status_4_iter_40_stage_8,-0.02645119810151636,-13.556648258682982,-0.14246284589559177
dubins_car_parallel_parking_FU_INDE_RE_INDE_status_4_iter_40_stage_10,-0.03282902236576693,-21.748015141043485,-0.03801320739234651
dubins_car_parallel_parking_FU_INDE_RE_INDE_status_4_iter_40_stage_11,-0.03642159627537449,-18.965192439830115,-0.012831636922841269
dubins_car_parallel_parking_FU_INDE_RE_INDE_status_4_iter_40_stage_12,-0.04133505272117097,-20.848941427960824,-0.038335570825014924
dubins_car_parallel_parking_FU_INDE_RE_INDE_status_4_iter_40_stage_13,-0.050143360375560955,-30.885928417351934,-0.08966509290749315
dubins_car_parallel_parking_FU_INDE_RE_INDE_status_4_iter_40_stage_14,-0.06580143237791444,-217.667797502649,-1.0532802594548198
dubins_car_parallel_parking_FU_INDE_RE_INDE_status_4_iter_40_stage_16,-0.11285735008028998,-17.275749318029302,-0.04664148780535449
dubins_car_parallel_parking_FU_INDE_RE_INDE_status_4_iter_40_stage_17,-0.10268097753893371,-20.410692653784785,-0.1397693282409892
dubins_car_parallel_parking_FU_INDE_RE_INDE_status_4_iter_40_stage_18,-0.1079112038068043,-37.967006136431145,-0.4176889141916204
dubins_car_parallel_parking_FU_INDE_RE_INDE_status_4_iter_40_stage_19,-0.1234856869497759,-551.308653318015,-7.720715862818009
dubins_car_parallel_parking_FU_INDE_RE_INDE_status_4_iter_40_stage_21,-0.14903371693185163,9.592962599251965,-0.009832186364938877
dubins_car_parallel_parking_FU_INDE_RE_INDE_status_4_iter_40_stage_22,-0.19699027069897196,9.70051891856543,-0.05647515515881188
dubins_car_parallel_parking_FU_INDE_RE_INDE_status_4_iter_40_stage_23,-0.31662702442915647,10.125971341826098,-0.1701438074255662
dubins_car_parallel_parking_FU_INDE_RE_INDE_status_4_iter_40_stage_24,-0.9344303756831078,10.0,-0.7907982329992218
dubins_car_parallel_parking_FU_INDE_RE_INDE_status_4_iter_41_stage_1,-0.018551345102100505,-3.1242849811576234,-0.028198437661804562
dubins_car_parallel_parking_FU_INDE_RE_INDE_status_4_iter_41_stage_3,-0.019361250138446178,-1.0415377930127692,-0.0032430435128382343
dubins_car_parallel_parking_FU_INDE_RE_INDE_status_4_iter_41_stage_4,-0.019621008873199675,-3.818999360439384,-0.04231083152636312
dubins_car_parallel_parking_FU_INDE_RE_INDE_status_4_iter_41_stage_6,-0.023011535339234186,-2.774159418379267,-0.0005429692786997897
dubins_car_parallel_parking_FU_INDE_RE_INDE_status_4_iter_41_stage_7,-0.025083955547080403,-3.847937455631614,-0.019856446085033418
dubins_car_parallel_parking_FU_INDE_RE_INDE_status_4_iter_41_stage_8,-0.026453327419128828,-13.551958288367171,-0.14239927340426362
dubins_car_parallel_parking_FU_INDE_RE_INDE_status_4_iter_41_stage_10,-0.03282755421116598,-21.746311670510703,-0.03800598307249918
dubins_car_parallel_parking_FU_INDE_RE_INDE_status_4_iter_41_stage_11,-0.03642071242681007,-18.964379734118825,-0.01282824977948895
dubins_car_parallel_parking_FU_INDE_RE_INDE_status_4_iter_41_stage_12,-0.04133377310298452,-20.848222535891004,-0.03833271424734989
dubins_car_parallel_parking_FU_INDE_RE_INDE_status_4_iter_41_stage_13,-0.05014192405439493,-30.88453515089614,-0.08965955885812651
dubins_car_parallel_parking_FU_INDE_RE_INDE_status_4_iter_41_stage_14,-0.0657996812648926,-217.63150480495946,-1.0530812135366616
dubins_car_parallel_parking_FU_INDE_RE_INDE_status_4_iter_41_stage_16,-0.11285609343599264,-17.27538832458944,-0.04663898893799323
dubins_car_parallel_parking_FU_INDE_RE_INDE_status_4_iter_41_stage_17,-0.10267999729675745,-20.410207571142408,-0.13976417842459957
dubins_car_parallel_parking_FU_INDE_RE_INDE_status_4_iter_41_stage_18,-0.10791015005777768,-37.9656864243654,-0.41767135505358793
dubins_car_parallel_parking_FU_INDE_RE_INDE_status_4_iter_41_stage_19,-0.12348438274228066,-551.0718042461676,-7.717342646661481
dubins_car_parallel_parking_FU_INDE_RE_INDE_status_4_iter_41_stage_21,-0.14903228489318188,9.59293453137772,-0.009831163507663665
dubins_car_parallel_parking_FU_INDE_RE_INDE_status_4_iter_41_stage_22,-0.1969883817275762,9.700496860682545,-0.05647358651376755
dubins_car_parallel_parking_FU_INDE_RE_INDE_status_4_iter_41_stage_23,-0.3166239961345324,10.12596035739774,-0.17014093736912264
dubins_car_parallel_parking_FU_INDE_RE_INDE_status_4_iter_41_stage_24,-0.9344214646928662,10.0,-0.7907893220115607
dubins_car_parallel_parking_FU_INDE_RE_INDE_status_4_iter_42_stage_1,-0.01855156857061619,-3.1243443853822357,-0.028199042648551192
dubins_car_parallel_parking_FU_INDE_RE_INDE_status_4_iter_42_stage_3,-0.019361188372915908,-1.0415350524885267,-0.003242786388815617
dubins_car_parallel_parking_FU_INDE_RE_INDE_status_4_iter_42_stage_4,-0.019620797643834426,-3.8189436377655044,-0.042309856095327086
dubins_car_parallel_parking_FU_INDE_RE_INDE_status_4_iter_42_stage_6,-0.02301157089741535,-2.77420486985943,-0.0005431629555500278
dubins_car_parallel_parking_FU_INDE_RE_INDE_status_4_iter_42_stage_7,-0.025084179437813492,-3.8480077326709057,-0.019857761722217825
dubins_car_parallel_parking_FU_INDE_RE_INDE_status_4_iter_42_stage_8,-0.02645374803615771,-13.552072607854154,-0.1424007081704995
dubins_car_parallel_parking_FU_INDE_RE_INDE_status_4_iter_42_stage_10,-0.03282760366100673,-21.74627842088793,-0.038006013689969524
dubins_car_parallel_parking_FU_INDE_RE_INDE_status_4_iter_42_stage_11,-0.03642082608547293,-18.96431559065488,-0.012828156796460979
dubins_car_parallel_parking_FU_INDE_RE_INDE_status_4_iter_42_stage_12,-0.041333854335124424,-20.848141285811828,-0.03833287240859479
dubins_car_parallel_parking_FU_INDE_RE_INDE_status_4_iter_42_stage_13,-0.05014201516531568,-30.8844499166614,-0.0896597788463224
dubins_car_parallel_parking_FU_INDE_RE_INDE_status_4_iter_42_stage_14,-0.06579979223052147,-217.62860168570793,-1.0530739847047081
dubins_car_parallel_parking_FU_INDE_RE_INDE_status_4_iter_42_stage_16,-0.11285600885714729,-17.275345386153475,-0.0466387157634949
dubins_car_parallel_parking_FU_INDE_RE_INDE_status_4_iter_42_stage_17,-0.10267989334815003,-20.410163868672846,-0.1397637188154427
dubins_car_parallel_parking_FU_INDE_RE_INDE_status_4_iter_42_stage_18,-0.10791004981278865,-37.96555392483436,-0.41766959382074265
dubins_car_parallel_parking_FU_INDE_RE_INDE_status_4_iter_42_stage_19,-0.12348430209898476,-551.0688173569001,-7.7173000575836115
dubins_car_parallel_parking_FU_INDE_RE_INDE_status_4_iter_42_stage_21,-0.1490321522342315,9.592931931086708,-0.009831068758671346
dubins_car_parallel_parking_FU_INDE_RE_INDE_status_4_iter_42_stage_22,-0.19698820678837306,9.700494817680248,-0.05647344124448961
dubins_car_parallel_parking_FU_INDE_RE_INDE_status_4_iter_42_stage_23,-0.31662371573503023,10.125959340635061,-0.17014067161549717
dubins_car_parallel_parking_FU_INDE_RE_INDE_status_4_iter_42_stage_24,-0.934420639621124,10.0,-0.7907884969400705
dubins_car_parallel_parking_FU_INDE_RE_INDE_status_4_iter_6_stage_0,-1.5744550797167955,34.44253560717598,-0.38238408512529176
dubins_car_parallel_parking_FU_INDE_RE_INDE_status_4_iter_6_stage_1,-1.6085203487592912,33.45364897345167,-0.3819115614983044
dubins_car_parallel_parking_FU_INDE_RE_INDE_status_4_iter_6_stage_2,-1.608579649145601,33.37343818439462,-0.40703547182384625
dubins_car_parallel_parking_FU_INDE_RE_INDE_status_4_iter_6_stage_3,-1.6185184677088789,32.88369941735339,-0.39169504886405804
dubins_car_parallel_parking_FU_INDE_RE_INDE_status_4_iter_6_stage_4,-1.5473248055229591,31.682860752492562,-0.41228752529206414
dubins_car_parallel_parking_FU_INDE_RE_INDE_status_4_iter_6_stage_5,-1.49427389706231,30.49296151494242,-0.41500041235670704
dubins_car_parallel_parking_FU_INDE_RE_INDE_status_4_iter_6_stage_6,-1.4462637353790597,29.445921588814763,-0.4148828995032554
dubins_car_parallel_parking_FU_INDE_RE_INDE_status_4_iter_6_stage_7,-1.4192554273016003,28.370882867361146,-0.46912575088484365
dubins_car_parallel_parking_FU_INDE_RE_INDE_status_4_iter_6_stage_8,-1.0392137733882607,27.3711797334631,-0.3296997413550984
dubins_car_parallel_parking_FU_INDE_RE_INDE_status_4_iter_6_stage_9,-1.1570414096691433,26.45346482914673,-0.3778660017004558
dubins_car_parallel_parking_FU_INDE_RE_INDE_status_4_iter_6_stage_10,-1.4755788648142119,25.139547252465732,-0.6021387520406476
dubins_car_parallel_parking_FU_INDE_RE_INDE_status_4_iter_6_stage_11,-1.754454080893331,24.417772712667094,-0.7579731966413257
dubins_car_parallel_parking_FU_INDE_RE_INDE_status_4_iter_6_stage_12,-1.7228443763085175,23.27180320542988,-0.7646202907976387
dubins_car_parallel_parking_FU_INDE_RE_INDE_status_4_iter_6_stage_13,-1.4708670496740368,22.138140449029887,-0.6390702124173386
dubins_car_parallel_parking_FU_INDE_RE_INDE_status_4_iter_6_stage_14,-1.7262645631094569,21.087548260838275,-0.8707064226461807
dubins_car_parallel_parking_FU_INDE_RE_INDE_status_4_iter_6_stage_15,-2.14971679071994,20.06351266019035,-1.4279446963147997
dubins_car_parallel_parking_FU_INDE_RE_INDE_status_4_iter_6_stage_16,-1.6288499404891872,19.053721999937466,-1.1281313459270976
dubins_car_parallel_parking_FU_INDE_RE_INDE_status_4_iter_6_stage_17,-1.768176660457563,17.99601061605961,-1.3350973568403415
dubins_car_parallel_parking_FU_INDE_RE_INDE_status_4_iter_6_stage_18,-2.214986487339486,16.925827223305568,-1.8650479729308955
dubins_car_parallel_parking_FU_INDE_RE_INDE_status_4_iter_6_stage_19,-2.561115261750139,15.845658869393395,-2.2882515915754333
dubins_car_parallel_parking_FU_INDE_RE_INDE_status_4_iter_6_stage_20,-2.7661292453619994,14.680227146027615,-2.5405384666599033
dubins_car_parallel_parking_FU_INDE_RE_INDE_status_4_iter_6_stage_21,-3.021008810177387,13.53196371436279,-2.8168252347827334
dubins_car_parallel_parking_FU_INDE_RE_INDE_status_4_iter_6_stage_22,-3.9837794040674743,12.364004123701312,-3.79928990241967
dubins_car_parallel_parking_FU_INDE_RE_INDE_status_4_iter_6_stage_23,-6.38510206793611,11.19085373119949,-6.220510989802314
dubins_car_parallel_parking_FU_INDE_RE_INDE_status_4_iter_6_stage_24,-18.767035860384777,10.0,-18.623486161362674
dubins_car_parallel_parking_FU_INDE_RE_INDE_status_4_iter_7_stage_3,-0.007029928325412781,-4.219989973664819,-0.0029339391521771116
dubins_car_parallel_parking_FU_INDE_RE_INDE_status_4_iter_7_stage_7,-0.018385070215604333,-4.868670445559142,-0.0007990341508114542
dubins_car_parallel_parking_FU_INDE_RE_INDE_status_4_iter_7_stage_8,-0.032276100666116844,-32.14967785470615,-0.25927715976947274
dubins_car_parallel_parking_FU_INDE_RE_INDE_status_4_iter_7_stage_10,-0.027961168924997896,-7.662287342031582,-0.005605449922987937
dubins_car_parallel_parking_FU_INDE_RE_INDE_status_4_iter_7_stage_11,-0.027342496914588902,-35.18651376789977,-0.04335773321726619
dubins_car_parallel_parking_FU_INDE_RE_INDE_status_4_iter_7_stage_12,-0.033518720981853455,-26.6223165343196,-0.021988753122517704
dubins_car_parallel_parking_FU_INDE_RE_INDE_status_4_iter_7_stage_13,-0.04759133926768546,-51.886053724341274,-0.25708100871825423
dubins_car_parallel_parking_FU_INDE_RE_INDE_status_4_iter_7_stage_15,-0.12016893818655688,-19.754006197762013,-0.015279878450920825
dubins_car_parallel_parking_FU_INDE_RE_INDE_status_4_iter_7_stage_16,-0.12065223044156663,-23.52608957487722,-0.1057382747839094
dubins_car_parallel_parking_FU_INDE_RE_INDE_status_4_iter_7_stage_17,-0.11409834630919446,-26.859264678723314,-0.2243314246401329
dubins_car_parallel_parking_FU_INDE_RE_INDE_status_4_iter_7_stage_18,-0.11991175402595025,-67.7910963831192,-0.8293032461220303
dubins_car_parallel_parking_FU_INDE_RE_INDE_status_4_iter_7_stage_19,-0.13113718030303256,-355.6420543246619,-4.966350964416415
dubins_car_parallel_parking_FU_INDE_RE_INDE_status_4_iter_7_stage_21,-0.1647108912133442,9.881616096658856,-0.0212957722201767
dubins_car_parallel_parking_FU_INDE_RE_INDE_status_4_iter_7_stage_22,-0.21766521003611083,9.924935417576169,-0.073886161623263
dubins_car_parallel_parking_FU_INDE_RE_INDE_status_4_iter_7_stage_23,-0.3497660218472296,10.235956103327057,-0.2016943022121724
dubins_car_parallel_parking_FU_INDE_RE_INDE_status_4_iter_7_stage_24,-1.0319331739534439,10.0,-0.8883010063444546
dubins_car_parallel_parking_FU_INDE_RE_INDE_status_4_iter_8_stage_0,-0.022704045648685674,-6.193839346978979,-0.06828148030879717
dubins_car_parallel_parking_FU_INDE_RE_INDE_status_4_iter_8_stage_1,-0.022533564110778486,-9.96010195857101,-0.06389499451370433
dubins_car_parallel_parking_FU_INDE_RE_INDE_status_4_iter_8_stage_3,-0.023100318658906393,-3.4402276917421144,-0.03317538229018242
dubins_car_parallel_parking_FU_INDE_RE_INDE_status_4_iter_8_stage_4,-0.024641008649556734,-110.39433510833325,-1.2863104183918679
dubins_car_parallel_parking_FU_INDE_RE_INDE_status_4_iter_8_stage_6,-0.027335615791893638,-2.46186101232212,-0.010738934026400464
dubins_car_parallel_parking_FU_INDE_RE_INDE_status_4_iter_8_stage_7,-0.030514865421131784,-6.075744609419582,-0.0627222353758989
dubins_car_parallel_parking_FU_INDE_RE_INDE_status_4_iter_8_stage_8,-0.03366129868268473,-9.404741887986809,-0.13342944378405608
dubins_car_parallel_parking_FU_INDE_RE_INDE_status_4_iter_8_stage_10,-0.03582743823561578,-15.249067452468111,-0.03485819611925169
dubins_car_parallel_parking_FU_INDE_RE_INDE_status_4_iter_8_stage_11,-0.03922528301761256,-12.151457040204827,-0.011458211352009471
dubins_car_parallel_parking_FU_INDE_RE_INDE_status_4_iter_8_stage_12,-0.04301207142534284,-13.70807673870275,-0.04767874912687971
dubins_car_parallel_parking_FU_INDE_RE_INDE_status_4_iter_8_stage_13,-0.052522559079761666,-27.552818880655703,-0.1075320022712863
dubins_car_parallel_parking_FU_INDE_RE_INDE_status_4_iter_8_stage_14,-0.07040836192816663,-294.352151934133,-2.345178187099971
dubins_car_parallel_parking_FU_INDE_RE_INDE_status_4_iter_8_stage_16,-0.10471653232235534,-14.430984027095025,-0.03914103450710679
dubins_car_parallel_parking_FU_INDE_RE_INDE_status_4_iter_8_stage_17,-0.09521593919918811,-17.982725205703407,-0.1262725631326912
dubins_car_parallel_parking_FU_INDE_RE_INDE_status_4_iter_8_stage_18,-0.10316537182051878,-33.3740174092256,-0.35885561545702294
dubins_car_parallel_parking_FU_INDE_RE_INDE_status_4_iter_8_stage_19,-0.1189882859699607,-234.58307171128178,-3.2123527632482634
dubins_car_parallel_parking_FU_INDE_RE_INDE_status_4_iter_8_stage_21,-0.14371077641642332,9.486290768073232,-0.006063735969767781
dubins_car_parallel_parking_FU_INDE_RE_INDE_status_4_iter_8_stage_22,-0.18997041147085758,9.61638376808194,-0.050676541495176336
dubins_car_parallel_parking_FU_INDE_RE_INDE_status_4_iter_8_stage_23,-0.30537520282562003,10.083833395472771,-0.15949850879682
dubins_car_parallel_parking_FU_INDE_RE_INDE_status_4_iter_8_stage_24,-0.9013253920332279,10.0,-0.7576932616577018
dubins_car_parallel_parking_FU_INDE_RE_INDE_status_4_iter_9_stage_0,-0.020859714323240866,-5.234925911447886,-0.059474549186865
dubins_car_parallel_parking_FU_INDE_RE_INDE_status_4_iter_9_stage_1,-0.021082536820744353,-25.772967492251077,-0.28414232886819624
dubins_car_parallel_parking_FU_INDE_RE_INDE_status_4_iter_9_stage_3,-0.02166414845808516,-3.5236985284166638,-0.035930437115801885
dubins_car_parallel_parking_FU_INDE_RE_INDE_status_4_iter_9_stage_4,-0.023293255839121497,-12.220418244739083,-0.15761050885411887
dubins_car_parallel_parking_FU_INDE_RE_INDE_status_4_iter_9_stage_6,-0.02624482398827454,-3.2385123622893954,-0.011225292042873876
dubins_car_parallel_parking_FU_INDE_RE_INDE_status_4_iter_9_stage_7,-0.028579399338748757,-5.284357422124182,-0.04295253102958167
dubins_car_parallel_parking_FU_INDE_RE_INDE_status_4_iter_9_stage_8,-0.02987213989889152,-20.557016441201245,-0.264133446359017
dubins_car_parallel_parking_FU_INDE_RE_INDE_status_4_iter_9_stage_10,-0.03491748808243219,-29.764713078694733,-0.0653314580368517
dubins_car_parallel_parking_FU_INDE_RE_INDE_status_4_iter_9_stage_11,-0.03834589796363399,-19.908301305040396,-0.015981195374061386
dubins_car_parallel_parking_FU_INDE_RE_INDE_status_4_iter_9_stage_12,-0.044356203634966423,-21.380056966710256,-0.052898752347154965
dubins_car_parallel_parking_FU_INDE_RE_INDE_status_4_iter_9_stage_13,-0.05499705137183624,-40.48490503971682,-0.1250701597350075
dubins_car_parallel_parking_FU_INDE_RE_INDE_status_4_iter_9_stage_15,-0.11950983909687773,-16.834947701795716,-0.0012069568775772144
dubins_car_parallel_parking_FU_INDE_RE_INDE_status_4_iter_9_stage_16,-0.11630909941989738,-18.460624326061527,-0.05990921916116018
dubins_car_parallel_parking_FU_INDE_RE_INDE_status_4_iter_9_stage_17,-0.1052379715032917,-22.01777981889427,-0.16365645359728223
dubins_car_parallel_parking_FU_INDE_RE_INDE_status_4_iter_9_stage_18,-0.11240533269405249,-45.85080103721867,-0.5256385191005948
dubins_car_parallel_parking_FU_INDE_RE_INDE_status_4_iter_9_stage_19,-0.1286403519013008,-16308.42168387266,-232.31355293587765
dubins_car_parallel_parking_FU_INDE_RE_INDE_status_4_iter_9_stage_21,-0.15615852150586315,9.728640369391849,-0.014977815539284678
dubins_car_parallel_parking_FU_INDE_RE_INDE_status_4_iter_9_stage_22,-0.20638639346191368,9.80658986230932,-0.06432981447026967
dubins_car_parallel_parking_FU_INDE_RE_INDE_status_4_iter_9_stage_23,-0.33168761015102316,10.178388545577961,-0.18444838283793655
dubins_car_parallel_parking_FU_INDE_RE_INDE_status_4_iter_9_stage_24,-0.9787411381506731,10.0,-0.8351089825594245
free_flying_robot_FU_INDE_RE_INDE_status_4_iter_12_stage_12,1.9630201417944468,-6544.100270839436,-26.974234805012014
free_flying_robot_FU_INDE_RE_INDE_status_4_iter_12_stage_23,1.8105601032148868,-438.1989127571081,-0.9858125264775094
free_flying_robot_FU_INDE_RE_INDE_status_4_iter_13_stage_10,1.9655781811769588,-9998.934919149207,-63.57429272013279
free_flying_robot_FU_INDE_RE_INDE_status_4_iter_13_stage_22,1.8488151851957164,-21281.947674324365,-126.32664767113444
free_flying_robot_FU_INDE_RE_INDE_status_4_iter_14_stage_2,1.6569322346076967,-1893.9921386987871,-3.1776818248690564
free_flying_robot_FU_INDE_RE_INDE_status_4_iter_14_stage_22,1.8755277141099091,-605.9745662148423,-2.078549313566558
free_flying_robot_FU_INDE_RE_INDE_status_4_iter_15_stage_20,1.9077746801195141,-2938.5280428923047,-10.266389002954256
free_flying_robot_FU_INDE_RE_INDE_status_4_iter_16_stage_23,1.9120812617898648,-3360.1406425781756,-16.073065542619993
free_flying_robot_FU_INDE_RE_INDE_status_4_iter_17_stage_23,1.9189908902013149,-506.9417922123961,-1.135930891492128
free_flying_robot_FU_INDE_RE_INDE_status_4_iter_18_stage_22,1.9321862981834417,-1818.4189080110866,-9.875990937584092
free_flying_robot_FU_INDE_RE_INDE_status_4_iter_19_stage_24,1.9458941266523553,-973.0483451802597,-3.4491629758303417
free_flying_robot_FU_INDE_RE_INDE_status_4_iter_20_stage_24,1.9481176093373627,-7628.286234350948,-45.92654073248319
free_flying_robot_FU_INDE_RE_INDE_status_4_iter_21_stage_25,1.95244058762796,-955.1941352667645,-3.6337213943881914
free_flying_robot_FU_INDE_RE_INDE_status_4_iter_22_stage_26,1.9561923734267035,-441.03046122991503,-0.6376920168128521
free_flying_robot_FU_INDE_RE_INDE_status_4_iter_23_stage_26,1.9586649637832492,-582.4805224184104,-1.6303294281762057
free_flying_robot_FU_INDE_RE_INDE_status_4_iter_24_stage_26,1.9614783882262021,-338.52972370712547,-0.16509542175847972
free_flying_robot_FU_INDE_RE_INDE_status_4_iter_25_stage_24,1.9683957178019431,-12703.101417806054,-78.68768982857766
free_flying_robot_FU_INDE_RE_INDE_status_4_iter_26_stage_22,1.9773241829584791,-1135.4571367426615,-4.711993056280877
free_flying_robot_FU_INDE_RE_INDE_status_4_iter_27_stage_18,1.9871356930142217,-423.812633916431,-0.22294327914489112
free_flying_robot_FU_INDE_RE_INDE_status_4_iter_28_stage_22,1.998818528822719,-538.7486391556015,-1.4222323171135454
free_flying_robot_FU_INDE_RE_INDE_status_4_iter_3_stage_0,1.0509785550779998,-2966.7883040509932,-0.09915184946353103
free_flying_robot_FU_INDE_RE_INDE_status_4_iter_3_stage_2,1.2229904898840978,-38438.6140278367,-152.1422325422933
free_flying_robot_FU_INDE_RE_INDE_status_4_iter_3_stage_10,1.5346519567399879,-8005.443908151975,-33.69172133234362
free_flying_robot_FU_INDE_RE_INDE_status_4_iter_3_stage_18,1.6765143865292846,-3505.5330103729,-1.5875032280387962
free_flying_robot_FU_INDE_RE_INDE_status_4_iter_3_stage_24,1.7468426903705352,-9053.872523428185,-5.531449077250233
free_flying_robot_FU_INDE_RE_INDE_status_4_iter_5_stage_5,1.7372926958356043,-1475.189905267147,-0.6749420930242805
free_flying_robot_FU_INDE_RE_INDE_status_4_iter_5_stage_16,1.8749563818591448,-652.0418071268144,-1.8749214836762709
free_flying_robot_FU_INDE_RE_INDE_status_4_iter_6_stage_7,1.7979619682211365,-410.18569803004,-0.6085756120331864
free_flying_robot_FU_INDE_RE_INDE_status_4_iter_6_stage_17,1.878188537173531,-1463.0757158657284,-1.0429116532237392
furuta_cons_FU_INDE_RE_INDE_status_4_iter_0_stage_6,-2.2902836942,-52.6218899779075,-50.43417396801597
furuta_cons_FU_INDE_RE_INDE_status_4_iter_0_stage_16,-5.0830397925,-5.884616630299792,-30.753670106020554
furuta_cons_FU_INDE_RE_INDE_status_4_iter_0_stage_17,-3.5131101214,-32.85404666871484,-22.7858100454608
furuta_cons_FU_INDE_RE_INDE_status_4_iter_1_stage_6,-2.2902700806,-52.66647319605802,-50.483457312499716
furuta_cons_FU_INDE_RE_INDE_status_4_iter_1_stage_16,-5.0830587357,-5.884683430485498,-30.75393859582801
furuta_cons_FU_INDE_RE_INDE_status_4_iter_1_stage_17,-3.5131137029,-32.85419534046293,-22.785915628969576
furuta_cons_FU_INDE_RE_INDE_status_4_iter_11_stage_6,-7.0261717038,-0.08851823697942053,-15.28074595839271
furuta_cons_FU_INDE_RE_INDE_status_4_iter_11_stage_7,-6.6106396279,-61.28365901276657,-80.51134588515204
furuta_cons_FU_INDE_RE_INDE_status_4_iter_11_stage_9,18.402581057,-25.473070666581037,-49.50890198425767
furuta_cons_FU_INDE_RE_INDE_status_4_iter_11_stage_12,-3.8929278121,-24.95740135096701,-31.804704116163926
furuta_cons_FU_INDE_RE_INDE_status_4_iter_12_stage_10,-5.1317620268,-1.2453981870213626,-11.300513596735051
furuta_cons_FU_INDE_RE_INDE_status_4_iter_12_stage_11,-4.1729418661,-2.1029860692859605,-6.087370286060836
furuta_cons_FU_INDE_RE_INDE_status_4_iter_12_stage_13,-1.6388950902,-0.02497206809644413,-4.105827984580783
furuta_cons_FU_INDE_RE_INDE_status_4_iter_13_stage_10,-3.399755145,-0.5692706354534034,-1.313408604392634
furuta_cons_FU_INDE_RE_INDE_status_4_iter_13_stage_13,-0.76640415512,-2.3003625095563014,-3.8901418862519845
furuta_cons_FU_INDE_RE_INDE_status_4_iter_14_stage_8,-2.1966201464,-10.686132541634516,-0.4902942646646542
furuta_cons_FU_INDE_RE_INDE_status_4_iter_14_stage_11,1.2642874552,-13.301878573243862,-10.104027113930707
furuta_cons_FU_INDE_RE_INDE_status_4_iter_15_stage_5,4.3969469907,-15.202713960799018,-29.633365349241956
furuta_cons_FU_INDE_RE_INDE_status_4_iter_15_stage_12,-2.0677395491,-0.00010603393401463769,-1.8851621676125339
furuta_cons_FU_INDE_RE_INDE_status_4_iter_17_stage_7,-3.1188627993,-5.220989674171281,-5.414366882967705
furuta_cons_FU_INDE_RE_INDE_status_4_iter_17_stage_11,0.076217816892,-53.11092811613547,-13.927632741115753
furuta_cons_FU_INDE_RE_INDE_status_4_iter_18_stage_8,-2.9207026361,-1.1792291791056628,-0.20234053830832766
furuta_cons_FU_INDE_RE_INDE_status_4_iter_18_stage_11,-2.0329924503,-0.0012663179675105147,-2.13619037500169
furuta_cons_FU_INDE_RE_INDE_status_4_iter_2_stage_3,-3.0196421599,-26.61666168980997,-67.82517846386605
furuta_cons_FU_INDE_RE_INDE_status_4_iter_2_stage_8,5.9521508809,-19.814919282433205,-41.701725662817395
furuta_cons_FU_INDE_RE_INDE_status_4_iter_2_stage_10,19.998878605,-3.8360131545720155,-17.206808061168502
furuta_cons_FU_INDE_RE_INDE_status_4_iter_2_stage_14,-9.2067332018,-4.601049777560561,-19.138924740717798
furuta_cons_FU_INDE_RE_INDE_status_4_iter_2_stage_16,1.8050413761,-5.421578318712724,-15.171392364990197
furuta_cons_FU_INDE_RE_INDE_status_4_iter_2_stage_17,0.13861619105,-31.60726828676038,-11.143437792811119
furuta_cons_FU_INDE_RE_INDE_status_4_iter_20_stage_4,4.8416779478,-37.96578140696238,-116.62116129768829
furuta_cons_FU_INDE_RE_INDE_status_4_iter_20_stage_10,-2.095051413,-0.005617502505515503,-3.8180227617394973
furuta_cons_FU_INDE_RE_INDE_status_4_iter_23_stage_8,2.1092654553,-0.3855967808397538,-22.54422754830168
furuta_cons_FU_INDE_RE_INDE_status_4_iter_23_stage_10,32.387086586,-49.60722723161168,-114.93859235370763
furuta_cons_FU_INDE_RE_INDE_status_4_iter_23_stage_12,-2.002865887,-0.2235542683724878,-0.9713034014071833
furuta_cons_FU_INDE_RE_INDE_status_4_iter_24_stage_9,-2.1696180166,-0.0006335934378334506,-2.0953004435416087
furuta_cons_FU_INDE_RE_INDE_status_4_iter_26_stage_8,-2.4431115713,-0.005475502997775131,-4.05473558770282
furuta_cons_FU_INDE_RE_INDE_status_4_iter_30_stage_7,-1.223704315,-0.1782286449605404,-8.517915958351661
furuta_cons_FU_INDE_RE_INDE_status_4_iter_4_stage_15,-1.9247012992,-0.004081210395756358,-2.173902921517851
furuta_cons_FU_INDE_RE_INDE_status_4_iter_5_stage_15,-2.594763267,-0.0036504953719985983,-3.3524425154477724
furuta_cons_FU_INDE_RE_INDE_status_4_iter_6_stage_7,3.0504050067,-28.26452527776277,-93.7414422741368
furuta_cons_FU_INDE_RE_INDE_status_4_iter_6_stage_14,-5.4350032956,-0.07612566164257044,-14.796356588693449
furuta_cons_FU_INDE_RE_INDE_status_4_iter_8_stage_11,-3.7701252038,-2.397062046661151,-5.729032052637163
furuta_cons_FU_INDE_RE_INDE_status_4_iter_8_stage_14,-2.2184185977,-0.0029572412782251337,-2.7557950403597604
moonlander_FU_INDE_RE_INDE_status_4_iter_0_stage_0,-2.3148874927000005,-716.1324419517813,-16.677087135920452
moonlander_FU_INDE_RE_INDE_status_4_iter_0_stage_1,-2.0813047978000006,-663.9514958467762,-15.272879320101316
moonlander_FU_INDE_RE_INDE_status_4_iter_0_stage_2,-1.8584390640999997,-612.7580843272203,-13.900649806204502
moonlander_FU_INDE_RE_INDE_status_4_iter_0_stage_3,-1.6462905175999998,-561.963670580448,-12.538623965997084
moonlander_FU_INDE_RE_INDE_status_4_iter_0_stage_4,-1.4511651706149982,-517.2017582705992,-11.350501403999623
moonlander_FU_INDE_RE_INDE_status_4_iter_0_stage_5,-1.2917555917638772,-482.3417461652411,-10.388182402535913
moonlander_FU_INDE_RE_INDE_status_4_iter_0_stage_6,-1.1589781492047655,-466.4066077515108,-9.925940326025115
moonlander_FU_INDE_RE_INDE_status_4_iter_0_stage_7,-1.035599949906987,-437.07210967317087,-9.011389758098217
moonlander_FU_INDE_RE_INDE_status_4_iter_0_stage_8,-0.8865848663199998,-413.31769592502883,-8.550905211560451
moonlander_FU_INDE_RE_INDE_status_4_iter_0_stage_9,-0.7099109942600001,-403.57773271379705,-9.420705188306886
moonlander_FU_INDE_RE_INDE_status_4_iter_0_stage_11,-0.3203447116999999,-138.42856841184516,-0.14343606050970953
moonlander_FU_INDE_RE_INDE_status_4_iter_0_stage_12,-0.13715610646999998,-134.06855615816062,-1.733898054214194
moonlander_FU_INDE_RE_INDE_status_4_iter_0_stage_13,0.023535958390999978,-78.50077852349244,-2.117917670199081
moonlander_FU_INDE_RE_INDE_status_4_iter_1_stage_0,-2.3148874927000005,-716.1324419517813,-16.677087135920452
moonlander_FU_INDE_RE_INDE_status_4_iter_1_stage_1,-2.0813047978000006,-663.9514958467762,-15.272879320101316
moonlander_FU_INDE_RE_INDE_status_4_iter_1_stage_2,-1.8584390640999997,-612.7580843272203,-13.900649806204502
moonlander_FU_INDE_RE_INDE_status_4_iter_1_stage_3,-1.6462905175999998,-561.963670580448,-12.538623965997084
moonlander_FU_INDE_RE_INDE_status_4_iter_1_stage_4,-1.4511651706149982,-517.2017582705992,-11.350501403999623
moonlander_FU_INDE_RE_INDE_status_4_iter_1_stage_5,-1.2917555917638772,-482.3417461652411,-10.388182402535913
moonlander_FU_INDE_RE_INDE_status_4_iter_1_stage_6,-1.1589781492047655,-466.4066077515108,-9.925940326025115
moonlander_FU_INDE_RE_INDE_status_4_iter_1_stage_7,-1.035599949906987,-437.07210967317087,-9.011389758098217
moonlander_FU_INDE_RE_INDE_status_4_iter_1_stage_8,-0.8865848663199998,-413.31769592502883,-8.550905211560451
moonlander_FU_INDE_RE_INDE_status_4_iter_1_stage_9,-0.7099109942600001,-403.57773271379705,-9.420705188306886
moonlander_FU_INDE_RE_INDE_status_4_iter_1_stage_11,-0.3203447116999999,-138.42856841184516,-0.14343606050970953
moonlander_FU_INDE_RE_INDE_status_4_iter_1_stage_12,-0.13715610646999998,-134.06855615816062,-1.733898054214194
moonlander_FU_INDE_RE_INDE_status_4_iter_1_stage_13,0.023535958390999978,-78.50077852349244,-2.117917670199081
moonlander_FU_INDE_RE_INDE_status_4_iter_10_stage_0,-1.055444852789369,-182.33680286937286,-1.8690568011764643
moonlander_FU_INDE_RE_INDE_status_4_iter_10_stage_1,-0.8986834042509002,-183.76391348338905,-2.7894003870256965
moonlander_FU_INDE_RE_INDE_status_4_iter_10_stage_2,-0.7641170528672925,-140.74627395487963,-0.7675622614835018
moonlander_FU_INDE_RE_INDE_status_4_iter_10_stage_3,-0.6553191969054677,-243.95087846756923,-5.630905495136227
moonlander_FU_INDE_RE_INDE_status_4_iter_10_stage_4,-0.5672112926990818,-149.3890702574579,-0.27918234875517756
moonlander_FU_INDE_RE_INDE_status_4_iter_10_stage_5,-0.4909980136006069,-327.18508656630917,-4.497544645759362
moonlander_FU_INDE_RE_INDE_status_4_iter_10_stage_6,-0.4154578283659971,-205.39240562095404,-1.3460172093617944
moonlander_FU_INDE_RE_INDE_status_4_iter_10_stage_7,-0.33906392943331554,-246.96055321817104,-3.0959547798787073
moonlander_FU_INDE_RE_INDE_status_4_iter_10_stage_8,-0.24337724295390173,-206.47838157392042,-3.0199639415413797
moonlander_FU_INDE_RE_INDE_status_4_iter_10_stage_9,-0.12047704524209424,-143.5653094592648,-2.8413201214899075
moonlander_FU_INDE_RE_INDE_status_4_iter_11_stage_0,-0.9901887871580435,-499.9610525036977,-10.217997412181044
moonlander_FU_INDE_RE_INDE_status_4_iter_11_stage_1,-0.8464705779879431,-442.23073735364744,-8.543943512766983
moonlander_FU_INDE_RE_INDE_status_4_iter_11_stage_2,-0.7276602558949075,-444.5802204904349,-8.679777945780737
moonlander_FU_INDE_RE_INDE_status_4_iter_11_stage_3,-0.6332034603936139,-371.44168090069263,-6.476053855851672
moonlander_FU_INDE_RE_INDE_status_4_iter_11_stage_4,-0.5554331314320424,-436.67254921972375,-8.477090120050375
moonlander_FU_INDE_RE_INDE_status_4_iter_11_stage_5,-0.48450868168214045,-324.2407341477746,-5.523786606990738
moonlander_FU_INDE_RE_INDE_status_4_iter_11_stage_6,-0.40885021484764605,-484.893461637744,-11.350557437129698
moonlander_FU_INDE_RE_INDE_status_4_iter_11_stage_8,-0.21414722270802633,-158.24214628725665,-0.5422045872512444
moonlander_FU_INDE_RE_INDE_status_4_iter_11_stage_9,-0.06817340289795837,-89.54075509518101,-0.8807694089343335
moonlander_FU_INDE_RE_INDE_status_4_iter_12_stage_0,-0.9096541804303786,-425.4398047705567,-8.582341990267997
moonlander_FU_INDE_RE_INDE_status_4_iter_12_stage_1,-0.7802241409704769,-378.0122026619112,-7.092875279249409
moonlander_FU_INDE_RE_INDE_status_4_iter_12_stage_2,-0.6780012536364199,-392.1603044114245,-7.4938340766679605
moonlander_FU_INDE_RE_INDE_status_4_iter_12_stage_3,-0.598482934132333,-331.37418351978613,-5.396342050084276
moonlander_FU_INDE_RE_INDE_status_4_iter_12_stage_4,-0.5320174232475967,-384.8958843229527,-6.8100925098396505
moonlander_FU_INDE_RE_INDE_status_4_iter_12_stage_5,-0.46785140080453735,-298.5830061373918,-4.292778479806748
moonlander_FU_INDE_RE_INDE_status_4_iter_12_stage_6,-0.39346323205783373,-313.3075791268829,-5.115146376398185
moonlander_FU_INDE_RE_INDE_status_4_iter_12_stage_7,-0.30133861888005553,-270.11673451456886,-4.954076670994576
moonlander_FU_INDE_RE_INDE_status_4_iter_12_stage_8,-0.17348614849185828,-191.85072116958284,-4.717449461816234
moonlander_FU_INDE_RE_INDE_status_4_iter_13_stage_0,-0.8487197357140548,-567.5549460617813,-10.791468331020459
moonlander_FU_INDE_RE_INDE_status_4_iter_13_stage_1,-0.7357139786189275,-657.2448016828545,-13.363656518445147
moonlander_FU_INDE_RE_INDE_status_4_iter_13_stage_2,-0.6514668363944889,-452.8136052502737,-7.893603616298945
moonlander_FU_INDE_RE_INDE_status_4_iter_13_stage_3,-0.5852607643417078,-841.6428795328162,-18.906373266922333
moonlander_FU_INDE_RE_INDE_status_4_iter_13_stage_4,-0.5247249946183454,-377.438277887116,-7.303763838872467
moonlander_FU_INDE_RE_INDE_status_4_iter_13_stage_6,-0.37454238044630417,-224.80520937468168,-1.273661528608552
moonlander_FU_INDE_RE_INDE_status_4_iter_13_stage_7,-0.26406898350948926,-212.86163382062756,-2.494075981323612
moonlander_FU_INDE_RE_INDE_status_4_iter_13_stage_8,-0.1110487683441782,-111.34493728767886,-1.4680954859887572
moonlander_FU_INDE_RE_INDE_status_4_iter_14_stage_0,-0.7736600850015003,-408.74184172638604,-7.797191015834766
moonlander_FU_INDE_RE_INDE_status_4_iter_14_stage_1,-0.6773497453343005,-422.63231597815235,-8.146238338639956
moonlander_FU_INDE_RE_INDE_status_4_iter_14_stage_2,-0.6116221963678363,-387.0999022674301,-6.854130726949055
moonlander_FU_INDE_RE_INDE_status_4_iter_14_stage_3,-0.5606251328266618,-441.0698741803831,-8.289959173015264
moonlander_FU_INDE_RE_INDE_status_4_iter_14_stage_4,-0.5097850393880023,-368.50886577697895,-6.187061478498912
moonlander_FU_INDE_RE_INDE_status_4_iter_14_stage_5,-0.4461028745705278,-384.7297318269059,-7.0524053005076635
moonlander_FU_INDE_RE_INDE_status_4_iter_14_stage_6,-0.35534770754783596,-387.30617837274406,-8.540945250779252
moonlander_FU_INDE_RE_INDE_status_4_iter_14_stage_7,-0.22443952352920127,-279.9659862409442,-9.093748236776687
moonlander_FU_INDE_RE_INDE_status_4_iter_15_stage_0,-0.7264555529142003,-298.84444841071485,-5.267105259018434
moonlander_FU_INDE_RE_INDE_status_4_iter_15_stage_1,-0.6479727269910023,-355.11560777862235,-6.928917987712438
moonlander_FU_INDE_RE_INDE_status_4_iter_15_stage_2,-0.5996227810889936,-303.88503799150595,-4.494424724690589
moonlander_FU_INDE_RE_INDE_status_4_iter_15_stage_3,-0.557789177839447,-431.56501399723106,-7.699584591283871
moonlander_FU_INDE_RE_INDE_status_4_iter_15_stage_4,-0.5057047057522333,-323.4158504208293,-4.065753028120966
moonlander_FU_INDE_RE_INDE_status_4_iter_15_stage_5,-0.43052255543938256,-311.9274176223031,-4.157613613939599
moonlander_FU_INDE_RE_INDE_status_4_iter_15_stage_6,-0.31895853711430955,-296.9350483243781,-4.830046304748864
moonlander_FU_INDE_RE_INDE_status_4_iter_15_stage_7,-0.15752783609440202,-138.61436892042178,-2.1309644833276766
moonlander_FU_INDE_RE_INDE_status_4_iter_17_stage_0,-0.618601981823212,-367.12589455840987,-6.912825375690673
moonlander_FU_INDE_RE_INDE_status_4_iter_17_stage_1,-0.5762011211463625,-389.47491007818655,-6.900545102474144
moonlander_FU_INDE_RE_INDE_status_4_iter_17_stage_2,-0.5613683378897683,-490.70541086719174,-9.174494979186452
moonlander_FU_INDE_RE_INDE_status_4_iter_17_stage_3,-0.5352799837568987,-531.9896927879483,-9.456945250085397
moonlander_FU_INDE_RE_INDE_status_4_iter_17_stage_4,-0.4774163343698703,-438.18423172939936,-6.996051374904475
moonlander_FU_INDE_RE_INDE_status_4_iter_17_stage_5,-0.3731558341949144,-1444.2932997415114,-32.99616204988203
moonlander_FU_INDE_RE_INDE_status_4_iter_17_stage_6,-0.2070454562821007,-208.8525978076863,-3.3308960809789543
moonlander_FU_INDE_RE_INDE_status_4_iter_18_stage_0,-0.5552157893871568,-1095.0495373363665,-9.892036960548177
moonlander_FU_INDE_RE_INDE_status_4_iter_18_stage_1,-0.5332993479657873,-910.8489176543853,-15.139711354050757
moonlander_FU_INDE_RE_INDE_status_4_iter_18_stage_3,-0.5212045662933691,-437.66720863059317,-2.443475989029245
moonlander_FU_INDE_RE_INDE_status_4_iter_18_stage_4,-0.4579452737940961,-150.71599018967464,-0.030651551944751474
moonlander_FU_INDE_RE_INDE_status_4_iter_18_stage_5,-0.3287611121547771,-1830.803201152735,-58.120757666687204
moonlander_FU_INDE_RE_INDE_status_4_iter_18_stage_6,-0.11525802752823733,-78.6795014742087,-0.4840132174901257
moonlander_FU_INDE_RE_INDE_status_4_iter_2_stage_0,-2.3505956362509086,-730.0883630723501,-17.029215061039157
moonlander_FU_INDE_RE_INDE_status_4_iter_2_stage_1,-2.1216555423999996,-681.4903521158853,-15.71087914499062
moonlander_FU_INDE_RE_INDE_status_4_iter_2_stage_2,-1.9071979986673568,-634.700405100288,-14.450446560195632
moonlander_FU_INDE_RE_INDE_status_4_iter_2_stage_3,-1.7139228796851933,-593.1819015431252,-13.326263146916226
moonlander_FU_INDE_RE_INDE_status_4_iter_2_stage_4,-1.5403039018852827,-560.1677439608585,-12.42336549429135
moonlander_FU_INDE_RE_INDE_status_4_iter_2_stage_5,-1.37772887225423,-523.5789310521318,-11.375085208872278
moonlander_FU_INDE_RE_INDE_status_4_iter_2_stage_6,-1.2190794336434398,-494.04374718946053,-10.582206720951088
moonlander_FU_INDE_RE_INDE_status_4_iter_2_stage_7,-1.0714713723524987,-454.1850678466724,-9.512145745122282
moonlander_FU_INDE_RE_INDE_status_4_iter_2_stage_8,-0.9035470079600001,-427.36495686287685,-9.209430108493766
moonlander_FU_INDE_RE_INDE_status_4_iter_2_stage_9,-0.7176539175000001,-806.2655850761577,-26.27144060305593
moonlander_FU_INDE_RE_INDE_status_4_iter_2_stage_11,-0.3244408191100001,-148.7419521857246,-0.730715007952043
moonlander_FU_INDE_RE_INDE_status_4_iter_2_stage_12,-0.14285797128999989,-144.31395360563585,-2.1809831192603886
moonlander_FU_INDE_RE_INDE_status_4_iter_2_stage_13,0.016030055742000004,-84.5483135992891,-2.544274361018589
moonlander_FU_INDE_RE_INDE_status_4_iter_21_stage_0,-0.48008088251447534,-401.1384583532176,-7.523604230593495
moonlander_FU_INDE_RE_INDE_status_4_iter_21_stage_1,-0.5072853417699572,-338.5777669545218,-5.258434369313249
moonlander_FU_INDE_RE_INDE_status_4_iter_21_stage_2,-0.5375278015891864,-327.8166082647551,-5.814463773685425
moonlander_FU_INDE_RE_INDE_status_4_iter_21_stage_3,-0.49198764808123174,-179.36586705264222,-2.422054773899107
moonlander_FU_INDE_RE_INDE_status_4_iter_21_stage_4,-0.3438937486818545,-162.59864399715747,-3.9978246922663896
moonlander_FU_INDE_RE_INDE_status_4_iter_21_stage_6,0.16745934963784492,-43.78243606535998,-0.15911452604824397
moonlander_FU_INDE_RE_INDE_status_4_iter_22_stage_0,-0.43711784113622554,-341.4802007883311,-6.377734065700824
moonlander_FU_INDE_RE_INDE_status_4_iter_22_stage_1,-0.4858349083669393,-337.92554543948813,-5.353961662064689
moonlander_FU_INDE_RE_INDE_status_4_iter_22_stage_2,-0.5266603543023902,-404.7613563510246,-7.199474844891897
moonlander_FU_INDE_RE_INDE_status_4_iter_22_stage_3,-0.4639318779226438,-254.14154072773118,-3.7821481325993007
moonlander_FU_INDE_RE_INDE_status_4_iter_22_stage_4,-0.26685725956039863,-141.48610654149152,-2.1377856998560936
moonlander_FU_INDE_RE_INDE_status_4_iter_22_stage_6,0.21738747888937482,-299.79531148074443,-8.132801088549634
moonlander_FU_INDE_RE_INDE_status_4_iter_26_stage_0,-0.41784670472241503,-115.19374022545242,-0.8181588175441693
moonlander_FU_INDE_RE_INDE_status_4_iter_26_stage_1,-0.49421416814275254,-348.2424571114982,-4.702079861394712
moonlander_FU_INDE_RE_INDE_status_4_iter_26_stage_2,-0.4924130270362501,-214.66980528036584,-2.0354974303113638
moonlander_FU_INDE_RE_INDE_status_4_iter_26_stage_3,-0.2712040450498705,-100.53448152897394,-0.7330422570865349
moonlander_FU_INDE_RE_INDE_status_4_iter_26_stage_5,0.2613483499061252,-98.39972659462525,-1.2966187910141538
moonlander_FU_INDE_RE_INDE_status_4_iter_3_stage_0,-1.817275874452486,-648.1621344127642,-14.649502617773958
moonlander_FU_INDE_RE_INDE_status_4_iter_3_stage_1,-1.6188008142781758,-604.5279863188458,-13.45651279402976
moonlander_FU_INDE_RE_INDE_status_4_iter_3_stage_2,-1.4342902408189309,-561.563816541716,-12.27915283453736
moonlander_FU_INDE_RE_INDE_status_4_iter_3_stage_3,-1.265251892012769,-521.8380550677098,-11.185922120903971
moonlander_FU_INDE_RE_INDE_status_4_iter_3_stage_4,-1.1082834287250833,-484.9010658030326,-10.142032095704106
moonlander_FU_INDE_RE_INDE_status_4_iter_3_stage_5,-0.9568260724666575,-441.66684730031807,-8.895955353667208
moonlander_FU_INDE_RE_INDE_status_4_iter_3_stage_6,-0.8083921533799998,-402.86899995338473,-7.813926977615852
moonlander_FU_INDE_RE_INDE_status_4_iter_3_stage_7,-0.6787208346982594,-348.3022038919297,-6.2790684828045915
moonlander_FU_INDE_RE_INDE_status_4_iter_3_stage_8,-0.5444645584300001,-364.68379192034473,-7.1202519184455735
moonlander_FU_INDE_RE_INDE_status_4_iter_3_stage_9,-0.41043120088003193,-254.96481249240944,-4.641563360527046
moonlander_FU_INDE_RE_INDE_status_4_iter_3_stage_11,-0.13098233591302033,-168.55697830556383,-2.0113849904332888
moonlander_FU_INDE_RE_INDE_status_4_iter_3_stage_12,0.010132639698530621,-65.25714127721602,-0.5922624951415154
moonlander_FU_INDE_RE_INDE_status_4_iter_4_stage_0,-1.6535197042534326,-615.0945009285442,-13.682723116601197
moonlander_FU_INDE_RE_INDE_status_4_iter_4_stage_1,-1.4591107095411604,-568.6935189613691,-12.43335040200723
moonlander_FU_INDE_RE_INDE_status_4_iter_4_stage_2,-1.2783333478158079,-520.8402928219892,-11.12515032165145
moonlander_FU_INDE_RE_INDE_status_4_iter_4_stage_3,-1.115056519610935,-482.02432987139343,-10.085853848036594
moonlander_FU_INDE_RE_INDE_status_4_iter_4_stage_4,-0.9670664618770815,-435.4575440001929,-8.733352692954238
moonlander_FU_INDE_RE_INDE_status_4_iter_4_stage_5,-0.8275452991811327,-405.6414999790554,-7.92130276052044
moonlander_FU_INDE_RE_INDE_status_4_iter_4_stage_6,-0.6927634881600053,-340.4965467208431,-5.993649950123157
moonlander_FU_INDE_RE_INDE_status_4_iter_4_stage_7,-0.582073765845589,-328.8148603380856,-5.759954824760728
moonlander_FU_INDE_RE_INDE_status_4_iter_4_stage_8,-0.46938984387216554,-268.2195570095168,-4.2790152216909725
moonlander_FU_INDE_RE_INDE_status_4_iter_4_stage_9,-0.36209698913744504,-261.9942077370836,-4.798844704931263
moonlander_FU_INDE_RE_INDE_status_4_iter_4_stage_10,-0.25136535942242555,-351.29755992038423,-10.533096162035099
moonlander_FU_INDE_RE_INDE_status_4_iter_4_stage_12,-0.006493123989054661,-69.62437952907399,-0.49916925903251486
moonlander_FU_INDE_RE_INDE_status_4_iter_5_stage_0,-1.5043382893000041,-610.9143722935878,-13.30502413434398
moonlander_FU_INDE_RE_INDE_status_4_iter_5_stage_1,-1.3103940001,-554.422362091074,-11.779513788242586
moonlander_FU_INDE_RE_INDE_status_4_iter_5_stage_2,-1.1289431440053945,-509.341060069483,-10.60938891494415
moonlander_FU_INDE_RE_INDE_status_4_iter_5_stage_3,-0.9675503001532393,-447.8620936197723,-8.888266338308792
moonlander_FU_INDE_RE_INDE_status_4_iter_5_stage_4,-0.8253088112495124,-434.79929131400866,-8.636340888426801
moonlander_FU_INDE_RE_INDE_status_4_iter_5_stage_5,-0.6961503830195312,-350.20086311934494,-6.294348131194788
moonlander_FU_INDE_RE_INDE_status_4_iter_5_stage_6,-0.5748837771028936,-406.2795765960923,-8.343737244714191
moonlander_FU_INDE_RE_INDE_status_4_iter_5_stage_7,-0.4774232633721158,-294.8593316559215,-6.171054668527234
moonlander_FU_INDE_RE_INDE_status_4_iter_5_stage_9,-0.2834418776194024,-173.66731021808803,-0.8690125872925283
moonlander_FU_INDE_RE_INDE_status_4_iter_5_stage_10,-0.18062070728855517,-163.28566802376437,-1.9749585264759522
moonlander_FU_INDE_RE_INDE_status_4_iter_5_stage_11,-0.06460112567935661,-115.1963684894051,-2.144192380642137
moonlander_FU_INDE_RE_INDE_status_4_iter_6_stage_0,-1.3895329078,-552.7079772595714,-11.978980303625082
moonlander_FU_INDE_RE_INDE_status_4_iter_6_stage_1,-1.2016741953,-496.94579270372304,-10.45283531226324
moonlander_FU_INDE_RE_INDE_status_4_iter_6_stage_2,-1.0258819283539344,-452.5233412216414,-9.29271122632611
moonlander_FU_INDE_RE_INDE_status_4_iter_6_stage_3,-0.8707026662820831,-393.1728956511134,-7.558837650278718
moonlander_FU_INDE_RE_INDE_status_4_iter_6_stage_4,-0.7362198621575877,-377.314029815007,-7.152930448439619
moonlander_FU_INDE_RE_INDE_status_4_iter_6_stage_5,-0.6174748777685413,-305.77301927015714,-4.965977042177835
moonlander_FU_INDE_RE_INDE_status_4_iter_6_stage_6,-0.5081093036188682,-316.49373718141595,-5.399974254676572
moonlander_FU_INDE_RE_INDE_status_4_iter_6_stage_7,-0.4204075634437845,-248.27994665402537,-3.6974354158149954
moonlander_FU_INDE_RE_INDE_status_4_iter_6_stage_8,-0.33035385384005145,-282.29414415079134,-5.390019061629529
moonlander_FU_INDE_RE_INDE_status_4_iter_6_stage_9,-0.24037276522969897,-337.8175537849405,-10.087647838794231
moonlander_FU_INDE_RE_INDE_status_4_iter_6_stage_11,-0.016750431909084318,-74.57991360878893,-0.5807849198672095
moonlander_FU_INDE_RE_INDE_status_4_iter_7_stage_0,-1.3003006339,-426.9995446172421,-9.10477865035364
moonlander_FU_INDE_RE_INDE_status_4_iter_7_stage_1,-1.1174461901000001,-366.55552432076263,-7.1965702514649825
moonlander_FU_INDE_RE_INDE_status_4_iter_7_stage_2,-0.948121896389672,-355.3457111123853,-7.363182981603396
moonlander_FU_INDE_RE_INDE_status_4_iter_7_stage_3,-0.8009950031203841,-268.1537564176491,-4.043181984825076
moonlander_FU_INDE_RE_INDE_status_4_iter_7_stage_4,-0.6766041449066389,-335.390686796371,-6.419202638194998
moonlander_FU_INDE_RE_INDE_status_4_iter_7_stage_5,-0.5698192178959811,-212.99690937129523,-1.871994997934511
moonlander_FU_INDE_RE_INDE_status_4_iter_7_stage_6,-0.4726836083091128,-294.13921090788784,-4.149993001359155
moonlander_FU_INDE_RE_INDE_status_4_iter_7_stage_7,-0.39346246779714056,-206.5161345715574,-1.9256381521561374
moonlander_FU_INDE_RE_INDE_status_4_iter_7_stage_8,-0.3090593376812394,-233.04234020593208,-3.2346169935158686
moonlander_FU_INDE_RE_INDE_status_4_iter_7_stage_9,-0.21876150255290405,-202.25170558886845,-3.431798259286058
moonlander_FU_INDE_RE_INDE_status_4_iter_7_stage_10,-0.10894350378413764,-172.79936693481494,-4.754436629808999
moonlander_FU_INDE_RE_INDE_status_4_iter_8_stage_0,-1.2148585095000002,-533.7739114906406,-11.21385558041307
moonlander_FU_INDE_RE_INDE_status_4_iter_8_stage_1,-1.0391956371650062,-489.0347322512059,-10.056707909134106
moonlander_FU_INDE_RE_INDE_status_4_iter_8_stage_2,-0.8801309747622446,-424.58341982743906,-8.215920629875585
moonlander_FU_INDE_RE_INDE_status_4_iter_8_stage_3,-0.7451020034699154,-414.26177587684657,-8.034952954856397
moonlander_FU_INDE_RE_INDE_status_4_iter_8_stage_4,-0.6328186991814184,-338.3936832469856,-5.799970960043937
moonlander_FU_INDE_RE_INDE_status_4_iter_8_stage_5,-0.5365263528760391,-386.88347741970483,-7.4345004303583595
moonlander_FU_INDE_RE_INDE_status_4_iter_8_stage_6,-0.44675062907019303,-283.9263472648699,-4.8618688003059685
moonlander_FU_INDE_RE_INDE_status_4_iter_8_stage_7,-0.368223589667241,-621.6515839613534,-17.124662139789425
moonlander_FU_INDE_RE_INDE_status_4_iter_8_stage_9,-0.18293712404636708,-151.87938633943818,-1.1020488967398467
moonlander_FU_INDE_RE_INDE_status_4_iter_8_stage_10,-0.06211664451277232,-102.48971955662026,-1.4336067221580429
moonlander_FU_INDE_RE_INDE_status_4_iter_9_stage_0,-1.140887226504263,-488.6245016629938,-10.166034572374812
moonlander_FU_INDE_RE_INDE_status_4_iter_9_stage_1,-0.972642606046221,-448.0360529111663,-9.121985350884682
moonlander_FU_INDE_RE_INDE_status_4_iter_9_stage_2,-0.8237613836213795,-388.30208954049607,-7.34896790334243
moonlander_FU_INDE_RE_INDE_status_4_iter_9_stage_3,-0.7005985317277554,-384.4732202344018,-7.299529802311238
moonlander_FU_INDE_RE_INDE_status_4_iter_9_stage_4,-0.6002910664055503,-315.67744433752205,-5.117567678294142
moonlander_FU_INDE_RE_INDE_status_4_iter_9_stage_5,-0.5150592812488002,-351.4805211580249,-6.1915196853055035
moonlander_FU_INDE_RE_INDE_status_4_iter_9_stage_6,-0.4342640958558144,-269.2110872761768,-3.9752938190476197
moonlander_FU_INDE_RE_INDE_status_4_iter_9_stage_7,-0.3591889351462887,-310.1830801230997,-5.747857463286781
moonlander_FU_INDE_RE_INDE_status_4_iter_9_stage_8,-0.27022302864411574,-297.678075352342,-7.225213144526215
moonlander_FU_INDE_RE_INDE_status_4_iter_9_stage_10,-0.021693421576076455,-66.5468475704445,-0.22793371637097926
overhead_crane_FU_INDE_RE_INDE_status_4_iter_11_stage_11,0.01183816014388529,-225.83534919540932,-0.03494486998707819
overhead_crane_FU_INDE_RE_INDE_status_4_iter_11_stage_32,0.005797986079729677,-488.18852275416293,-0.3011304753654471
overhead_crane_FU_INDE_RE_INDE_status_4_iter_11_stage_34,-0.14531223217248482,-28880.501427942465,-5.852302523997164
overhead_crane_FU_INDE_RE_INDE_status_4_iter_11_stage_38,-2.281282310099728,-18.519668038249943,-1.6557505566615873
overhead_crane_FU_INDE_RE_INDE_status_4_iter_12_stage_16,0.008772430820103622,-851.6977370495334,-0.21587146265662976
overhead_crane_FU_INDE_RE_INDE_status_4_iter_12_stage_28,0.010899787742628059,-141.45584649790612,-0.12363575526602863
overhead_crane_FU_INDE_RE_INDE_status_4_iter_13_stage_11,0.011842059757489599,-245.39159190317744,-0.04102595072815513
overhead_crane_FU_INDE_RE_INDE_status_4_iter_13_stage_33,-0.009391510090340505,-1155.2702716226454,-0.2750412564481053
overhead_crane_FU_INDE_RE_INDE_status_4_iter_13_stage_34,-0.14186628233912307,-78630.26442276489,-18.932537085829342
overhead_crane_FU_INDE_RE_INDE_status_4_iter_13_stage_37,-0.006650057600535879,-1749.3987937853035,-0.3562629421585939
overhead_crane_FU_INDE_RE_INDE_status_4_iter_14_stage_7,0.009562797539475568,-207.54069938337392,-0.047353810333228295
overhead_crane_FU_INDE_RE_INDE_status_4_iter_14_stage_33,-0.0019811625679130064,-1007.0614459495214,-0.18910117375374647
overhead_crane_FU_INDE_RE_INDE_status_4_iter_14_stage_35,-1.0190323079274926,-21.611579861620708,-0.009267307458799223
overhead_crane_FU_INDE_RE_INDE_status_4_iter_15_stage_11,0.011750807626360337,-522.8454003863825,-0.12658872117776807
overhead_crane_FU_INDE_RE_INDE_status_4_iter_15_stage_37,-0.1022891816774602,-5.768256779252473,-0.05127733690804348
overhead_crane_FU_INDE_RE_INDE_status_4_iter_15_stage_38,-0.8336431219307356,-132.39676167289906,-0.03423385773606924
overhead_crane_FU_INDE_RE_INDE_status_4_iter_16_stage_12,0.010563379990560607,-153.3061875276792,-0.007884410998944075
overhead_crane_FU_INDE_RE_INDE_status_4_iter_16_stage_37,0.004933926399157497,-6.761092601004329,-0.11056867139502025
overhead_crane_FU_INDE_RE_INDE_status_4_iter_16_stage_38,-0.3433267504451078,-4847.800170382059,-1.4125976113924708
overhead_crane_FU_INDE_RE_INDE_status_4_iter_17_stage_13,0.009593880201146477,-328.34274748039934,-0.06239132082198438
overhead_crane_FU_INDE_RE_INDE_status_4_iter_18_stage_13,0.009482662782664929,-289.7507862204563,-0.04978112342694462
overhead_crane_FU_INDE_RE_INDE_status_4_iter_19_stage_11,0.011794880022869568,-387.4634120937409,-0.08471387643268836
overhead_crane_FU_INDE_RE_INDE_status_4_iter_19_stage_36,-0.5057467528748659,-104.79680386538044,-37.2389697774488
overhead_crane_FU_INDE_RE_INDE_status_4_iter_20_stage_11,0.011801116530159477,-354.70115053570964,-0.07464199096927715
overhead_crane_FU_INDE_RE_INDE_status_4_iter_20_stage_35,0.008479385270830097,-628.8918797015475,-1621.466140702914
overhead_crane_FU_INDE_RE_INDE_status_4_iter_21_stage_11,0.011797774032008069,-367.5369192867719,-0.07857883185986554
overhead_crane_FU_INDE_RE_INDE_status_4_iter_21_stage_36,-0.8599733997647637,-464.8886413189123,-0.0015641748905181885
overhead_crane_FU_INDE_RE_INDE_status_4_iter_22_stage_11,0.011796847010655687,-372.9662791963723,-0.08024893838145546
overhead_crane_FU_INDE_RE_INDE_status_4_iter_22_stage_36,-0.3258240386759668,-985.7367027903812,-0.03485966846346855
overhead_crane_FU_INDE_RE_INDE_status_4_iter_23_stage_11,0.011794880186326876,-385.2293207787456,-0.08403014187235679
overhead_crane_FU_INDE_RE_INDE_status_4_iter_23_stage_35,0.011586683899960235,-659.2810606693681,-0.2740787386822561
overhead_crane_FU_INDE_RE_INDE_status_4_iter_24_stage_9,0.011927383568897956,-167.24741844735158,-0.018757729441331514
overhead_crane_FU_INDE_RE_INDE_status_4_iter_24_stage_21,0.011743651470191796,-216.5406537156034,-0.11789921426376367
overhead_crane_FU_INDE_RE_INDE_status_4_iter_24_stage_31,-0.1416447606206611,-2342.8300480699722,-67.42288375861884
overhead_crane_FU_INDE_RE_INDE_status_4_iter_24_stage_33,-2.2863500016283327,-7440.127859475286,-1.2923197126870036
overhead_crane_FU_INDE_RE_INDE_status_4_iter_24_stage_34,-19.7962766645256,-164.54203721906347,-5.6229932453588845
overhead_crane_FU_INDE_RE_INDE_status_4_iter_24_stage_35,-5.790878396106141,-15233.80847346756,-1.4664623503494596
overhead_crane_FU_INDE_RE_INDE_status_4_iter_24_stage_37,-0.0736933007541775,-2492.827941164112,-1.361468928664057
overhead_crane_FU_INDE_RE_INDE_status_4_iter_24_stage_38,-2.4101911398710594,0.49979115156453047,-1.7903788737968975
overhead_crane_FU_INDE_RE_INDE_status_4_iter_24_stage_39,-0.2862464204224885,1.9999999999988538,-0.0017650680964083065
overhead_crane_FU_INDE_RE_INDE_status_4_iter_25_stage_12,0.010557506581869231,-404.98027727335284,-0.08585518228036132
overhead_crane_FU_INDE_RE_INDE_status_4_iter_25_stage_34,0.011860594865373915,-74.68637341039178,-0.007768962255424894
overhead_crane_FU_INDE_RE_INDE_status_4_iter_25_stage_37,-0.2449476860273576,-5189.465272202564,-1.745155991054304
overhead_crane_FU_INDE_RE_INDE_status_4_iter_26_stage_12,0.01059103179135818,-203.81051399664008,-0.023552984008203923
overhead_crane_FU_INDE_RE_INDE_status_4_iter_26_stage_36,-0.011825286031476734,-531.2195091398116,-0.08172917699445037
overhead_crane_FU_INDE_RE_INDE_status_4_iter_26_stage_37,-0.19160201882728192,-29278.586865997968,-6.7218948623990045
overhead_crane_FU_INDE_RE_INDE_status_4_iter_27_stage_12,0.010609640864947999,-216.77424914843502,-0.027570126948846696
overhead_crane_FU_INDE_RE_INDE_status_4_iter_27_stage_36,0.00986131336665425,-280.04620124680366,-0.015442993358464108
overhead_crane_FU_INDE_RE_INDE_status_4_iter_27_stage_37,0.008290915412236574,-10346.99999591312,-2.6822267762617287
overhead_crane_FU_INDE_RE_INDE_status_4_iter_28_stage_12,0.010633366024063144,-415.19937246719775,-0.08889709521293357
overhead_crane_FU_INDE_RE_INDE_status_4_iter_28_stage_34,0.010953648313293513,-606.0605389504917,-0.3511149201311363
overhead_crane_FU_INDE_RE_INDE_status_4_iter_28_stage_37,-0.005198658128959763,-4853.2752606777085,-1.4032610729912847
overhead_crane_FU_INDE_RE_INDE_status_4_iter_29_stage_12,0.01060666142833986,-468.0302069868256,-0.10508976913308696
overhead_crane_FU_INDE_RE_INDE_status_4_iter_29_stage_37,-0.003021437260713163,-1401.2496058080305,-0.46233740082606545
overhead_crane_FU_INDE_RE_INDE_status_4_iter_30_stage_12,0.010498551420938326,-263.01512873633806,-0.04193278348778834
overhead_crane_FU_INDE_RE_INDE_status_4_iter_30_stage_37,-0.009804140572272859,-3773.0148733931687,-1.0025557898802582
overhead_crane_FU_INDE_RE_INDE_status_4_iter_30_stage_38,-0.1803500771133306,-32526.22606036192,-4.5544323177390424
overhead_crane_FU_INDE_RE_INDE_status_4_iter_31_stage_12,0.010447031500354451,-445.29364703976256,-0.09805396004977332
overhead_crane_FU_INDE_RE_INDE_status_4_iter_31_stage_37,-0.23503383320529178,-180358.95111986186,-475.90422216956813
overhead_crane_FU_INDE_RE_INDE_status_4_iter_31_stage_38,-32.860263325220515,-201757.05852475634,-13601.127143102649
overhead_crane_FU_INDE_RE_INDE_status_4_iter_32_stage_13,0.009397669872431848,-139.09480345319136,-0.0009357931720608624
overhead_crane_FU_INDE_RE_INDE_status_4_iter_33_stage_12,0.01049871844902298,-688.5202491333217,-0.17458511390434917
overhead_crane_FU_INDE_RE_INDE_status_4_iter_33_stage_36,0.011589782712558961,-3429.992197743879,-1.001518645560147
overhead_crane_FU_INDE_RE_INDE_status_4_iter_33_stage_37,0.012103563412880812,-128911.20770912754,-33.45595039727006
overhead_crane_FU_INDE_RE_INDE_status_4_iter_33_stage_38,-20.01460577167225,-442461.8637226629,-31.522534170193467
overhead_crane_FU_INDE_RE_INDE_status_4_iter_34_stage_12,0.010598353049235955,-976.7008119839759,-0.2647319424474554
overhead_crane_FU_INDE_RE_INDE_status_4_iter_34_stage_38,-0.03426758376663791,-7274.835808436517,-1.2558058890459485
overhead_crane_FU_INDE_RE_INDE_status_4_iter_35_stage_17,0.009711552408813924,-211.98083519732995,-0.014390954999356494
overhead_crane_FU_INDE_RE_INDE_status_4_iter_36_stage_12,0.010509783077336462,-3769.261543013933,-1.1349656931193612
overhead_crane_FU_INDE_RE_INDE_status_4_iter_36_stage_31,0.012021413769811796,-28.964055924226724,-0.010882480809892903
overhead_crane_FU_INDE_RE_INDE_status_4_iter_36_stage_38,0.004473319715695553,-496.2530209970465,-7.088326475326863
overhead_crane_FU_INDE_RE_INDE_status_4_iter_37_stage_17,0.009619193707610317,-399.56456296989967,-0.08811261415751614
overhead_crane_FU_INDE_RE_INDE_status_4_iter_38_stage_17,0.009580249756880382,-254.22233626858906,-0.03135488242004469
overhead_crane_FU_INDE_RE_INDE_status_4_iter_39_stage_14,0.008543866567735037,-236.01920407488154,-0.032080153987396116
pendulum_cons_FU_INDE_RE_INDE_status_4_iter_0_stage_0,0.00032,-23.565512543509968,-0.0024270968582673896
pendulum_cons_FU_INDE_RE_INDE_status_4_iter_0_stage_1,0.00032,-27.940843439143354,-0.003480948966090052
pendulum_cons_FU_INDE_RE_INDE_status_4_iter_0_stage_3,0.00032,-111.83979925213617,-0.0038598263876391493
pendulum_cons_FU_INDE_RE_INDE_status_4_iter_0_stage_4,0.00032,-246.4157402721694,-0.004979632855153943
pendulum_cons_FU_INDE_RE_INDE_status_4_iter_0_stage_7,0.00032,-1.5535931625940724,-0.0010674467994082803
pendulum_cons_FU_INDE_RE_INDE_status_4_iter_0_stage_8,0.00032,-3.856166132691699,-0.001489730395267177
pendulum_cons_FU_INDE_RE_INDE_status_4_iter_0_stage_10,0.00032,-16.94739552740355,-5.23486724179106e-05
pendulum_cons_FU_INDE_RE_INDE_status_4_iter_0_stage_11,0.00032,-20.395486661059987,-0.001204913688904053
pendulum_cons_FU_INDE_RE_INDE_status_4_iter_0_stage_12,0.00032,-80.46029638351622,-0.01026611803481075
pendulum_cons_FU_INDE_RE_INDE_status_4_iter_0_stage_14,0.00032,-64.14841680218173,-0.0002570066947453011
pendulum_cons_FU_INDE_RE_INDE_status_4_iter_0_stage_16,0.00032,-0.9220411180678207,-0.00402191684889978
pendulum_cons_FU_INDE_RE_INDE_status_4_iter_0_stage_18,0.00032,-1.934767041326518,-5.9483056818571806e-05
pendulum_cons_FU_INDE_RE_INDE_status_4_iter_0_stage_19,0.00032,-10.291428291618125,-0.0027710529469344223
pendulum_cons_FU_INDE_RE_INDE_status_4_iter_0_stage_20,0.00032,-16.797128460123226,-0.004433993812460482
pendulum_cons_FU_INDE_RE_INDE_status_4_iter_0_stage_22,0.00032,-93.27608786594928,-0.00391639531161012
pendulum_cons_FU_INDE_RE_INDE_status_4_iter_0_stage_23,0.00032,-203.40255349654495,-0.004635824585072693
pendulum_cons_FU_INDE_RE_INDE_status_4_iter_1_stage_6,7.6472965375e-05,-17.657448013633882,-0.00019963982225468306
pendulum_cons_FU_INDE_RE_INDE_status_4_iter_1_stage_8,0.00011466586714,-6.315953472695454,-0.00597311497620538
pendulum_cons_FU_INDE_RE_INDE_status_4_iter_1_stage_11,1.1981161433e-05,-43.97072542152289,-0.005638551957968394
pendulum_cons_FU_INDE_RE_INDE_status_4_iter_1_stage_13,0.00027784773198,-63.43042290429545,-0.0016663048125538126
pendulum_cons_FU_INDE_RE_INDE_status_4_iter_1_stage_16,0.0002237553656,-18.942687950658947,-0.003596227282800295
pendulum_cons_FU_INDE_RE_INDE_status_4_iter_1_stage_18,0.00062604164247,-18.37862797725132,-0.00010858174832614742
pendulum_cons_FU_INDE_RE_INDE_status_4_iter_1_stage_21,-4.5542710985e-05,-327.93301675441484,-0.014139085323884406
pendulum_cons_FU_INDE_RE_INDE_status_4_iter_10_stage_1,0.00034075335548,-0.2344052876988677,-0.0003640333647234609
pendulum_cons_FU_INDE_RE_INDE_status_4_iter_10_stage_2,0.00032011785491,-0.7119143350963416,-0.0018335973352247808
pendulum_cons_FU_INDE_RE_INDE_status_4_iter_10_stage_3,0.00027322398587,-6.019594574405854,-0.003210193574712801
pendulum_cons_FU_INDE_RE_INDE_status_4_iter_10_stage_5,-0.00011863453284,-17.46280506111253,-0.002338323062411017
pendulum_cons_FU_INDE_RE_INDE_status_4_iter_10_stage_12,4.2498040949e-05,-15.751364934318564,-0.00013942269423517994
pendulum_cons_FU_INDE_RE_INDE_status_4_iter_10_stage_16,4.5012388277e-05,-0.3688085820309895,-0.00045662952505788845
pendulum_cons_FU_INDE_RE_INDE_status_4_iter_10_stage_17,-6.9316070282e-06,-5.756743257137641,-0.000693252586846059
pendulum_cons_FU_INDE_RE_INDE_status_4_iter_10_stage_22,0.00030628450361,-412.11831583165974,-2.9962427964933967e-05
pendulum_cons_FU_INDE_RE_INDE_status_4_iter_11_stage_0,0.00039681996792,-20.100261488743097,-0.0027104018710586188
pendulum_cons_FU_INDE_RE_INDE_status_4_iter_11_stage_1,0.00040219768639,-22.768776300690366,-0.00273163521613866
pendulum_cons_FU_INDE_RE_INDE_status_4_iter_11_stage_3,-8.4850888717e-05,-4.776364967854479,-0.0004846500177628925
pendulum_cons_FU_INDE_RE_INDE_status_4_iter_11_stage_7,-0.00011457553212,-165.89128811564012,-0.0015606116747138993
pendulum_cons_FU_INDE_RE_INDE_status_4_iter_11_stage_9,0.00012918360895,-33.69611550472786,-6.308960870326534e-05
pendulum_cons_FU_INDE_RE_INDE_status_4_iter_11_stage_13,0.00042260306455,-19.68945282223937,-0.0013216947368980818
pendulum_cons_FU_INDE_RE_INDE_status_4_iter_11_stage_14,0.00075641041114,-20.853604378505803,-0.0016564417890236939
pendulum_cons_FU_INDE_RE_INDE_status_4_iter_11_stage_15,0.00077027051036,-26.317620790577344,-0.003749460596028706
pendulum_cons_FU_INDE_RE_INDE_status_4_iter_11_stage_17,0.00040440528978,-15.818786882837603,-1.942433853735666e-05
pendulum_cons_FU_INDE_RE_INDE_status_4_iter_11_stage_20,0.00021270706685,-117.31729082101647,-0.0011309235055829093
pendulum_cons_FU_INDE_RE_INDE_status_4_iter_12_stage_1,0.00070439746752,-0.42387738905913425,-0.002257534765882558
pendulum_cons_FU_INDE_RE_INDE_status_4_iter_12_stage_2,0.0010991063958,-1.6611005284831775,-0.0022447605225487223
pendulum_cons_FU_INDE_RE_INDE_status_4_iter_12_stage_3,0.0011639623617,-245.62555356794365,-0.010003707026241707
pendulum_cons_FU_INDE_RE_INDE_status_4_iter_12_stage_12,-0.00012188365328,-9.329298919233503,-0.0022287350320472706
pendulum_cons_FU_INDE_RE_INDE_status_4_iter_12_stage_13,6.7805918283e-05,-29.319723612120228,-0.004951126655165107
pendulum_cons_FU_INDE_RE_INDE_status_4_iter_12_stage_15,0.00058801834521,-10.751716096490053,-0.0018588125279326547
pendulum_cons_FU_INDE_RE_INDE_status_4_iter_12_stage_16,0.00052152110543,-7.638777787628914,-0.0014421304684767082
pendulum_cons_FU_INDE_RE_INDE_status_4_iter_12_stage_18,3.1274277035e-05,-3.1428308613516194,-0.0005005779154392412
pendulum_cons_FU_INDE_RE_INDE_status_4_iter_12_stage_21,0.00029830067309,-29.279055372720315,-0.0001600647169128054
pendulum_cons_FU_INDE_RE_INDE_status_4_iter_14_stage_0,0.00032946363228,-0.39413109926434886,-0.0031933140162059147
pendulum_cons_FU_INDE_RE_INDE_status_4_iter_14_stage_1,0.00038193681997,-1.2753062237560484,-0.0010273239989968261
pendulum_cons_FU_INDE_RE_INDE_status_4_iter_14_stage_3,0.00034889062079,-71.95254182945587,-0.0022011385997427117
pendulum_cons_FU_INDE_RE_INDE_status_4_iter_14_stage_10,0.00021275939184,-44.75262611542133,-0.0056812859512860555
pendulum_cons_FU_INDE_RE_INDE_status_4_iter_14_stage_13,1.6587809523e-05,-8.956216896811036,-2.906720183749731e-05
pendulum_cons_FU_INDE_RE_INDE_status_4_iter_14_stage_15,0.0004199846835,-9.952380146316237,-0.00011938944883078739
pendulum_cons_FU_INDE_RE_INDE_status_4_iter_14_stage_16,0.00031474560058,-8.314396776732316,-0.00037367086081232923
pendulum_cons_FU_INDE_RE_INDE_status_4_iter_14_stage_18,-7.9129128909e-05,-5.44735183224533,-7.256451895842371e-05
pendulum_cons_FU_INDE_RE_INDE_status_4_iter_14_stage_20,0.0002086814094,-61.07661003006153,-0.012881897959543625
pendulum_cons_FU_INDE_RE_INDE_status_4_iter_15_stage_0,0.00051061507307,-2.8020856799965306,-0.005465683964367543
pendulum_cons_FU_INDE_RE_INDE_status_4_iter_15_stage_1,0.00073205239145,-2.275305789665358,-0.0022747006773922557
pendulum_cons_FU_INDE_RE_INDE_status_4_iter_15_stage_2,0.00091880057107,-1713.8593891019666,-0.09622604788626689
pendulum_cons_FU_INDE_RE_INDE_status_4_iter_15_stage_12,-0.00011779217547,-7.342715387722265,-0.0007561759083773414
pendulum_cons_FU_INDE_RE_INDE_status_4_iter_15_stage_13,0.00034870646237,-15.292258549994017,-0.002751955430768801
pendulum_cons_FU_INDE_RE_INDE_status_4_iter_15_stage_15,0.0007235578516,-6.310839943144738,-2.503008169878521e-05
pendulum_cons_FU_INDE_RE_INDE_status_4_iter_15_stage_16,0.00056429448199,-3.8180079302635104,-0.0009178603540351821
pendulum_cons_FU_INDE_RE_INDE_status_4_iter_15_stage_17,0.00023568215228,-4.52737760742121,-0.0010337544852204836
pendulum_cons_FU_INDE_RE_INDE_status_4_iter_15_stage_20,0.00016226932322,-69.00189941797632,-0.011268373409618636
pendulum_cons_FU_INDE_RE_INDE_status_4_iter_16_stage_0,0.00030991335917,-0.22640741532063907,-0.0010020298763942774
pendulum_cons_FU_INDE_RE_INDE_status_4_iter_16_stage_1,0.0002500754885,-0.44892485951852884,-0.001271307405999377
pendulum_cons_FU_INDE_RE_INDE_status_4_iter_16_stage_3,-0.00014880119226,-10.862845361361172,-0.0010539187841609023
pendulum_cons_FU_INDE_RE_INDE_status_4_iter_16_stage_6,0.00012048180561,-703.5194358539916,-0.004293357061751495
pendulum_cons_FU_INDE_RE_INDE_status_4_iter_16_stage_10,0.00015198716591,-10.256762648060828,-0.0036768888056957828
pendulum_cons_FU_INDE_RE_INDE_status_4_iter_16_stage_14,9.2766441425e-05,-21.59828323919739,-0.0027601731605123216
pendulum_cons_FU_INDE_RE_INDE_status_4_iter_16_stage_15,0.00016350892159,-17.944882310202363,-0.0016010916249215282
pendulum_cons_FU_INDE_RE_INDE_status_4_iter_16_stage_18,-0.00013237939435,-10.65111940841737,-8.994651241200707e-05
pendulum_cons_FU_INDE_RE_INDE_status_4_iter_16_stage_20,0.00025085752543,-34.653777629461985,-0.0050261195124367665
pendulum_cons_FU_INDE_RE_INDE_status_4_iter_17_stage_0,0.00031253501148,-0.16447855429022495,-0.0007410735347776491
pendulum_cons_FU_INDE_RE_INDE_status_4_iter_17_stage_1,0.00027413072346,-0.3707896596555433,-0.0009963588247788896
pendulum_cons_FU_INDE_RE_INDE_status_4_iter_17_stage_3,-7.7340400619e-05,-16.767301286602173,-0.0009717773815720483
pendulum_cons_FU_INDE_RE_INDE_status_4_iter_17_stage_8,0.00030619899518,-177.51097168234534,-0.0003125151067499069
pendulum_cons_FU_INDE_RE_INDE_status_4_iter_17_stage_11,-0.0001293917127,-13.17205100602807,-0.00018753224540163404
pendulum_cons_FU_INDE_RE_INDE_status_4_iter_17_stage_14,0.00017151486751,-21.056813215807143,-0.002581503987017034
pendulum_cons_FU_INDE_RE_INDE_status_4_iter_17_stage_15,0.00021460543247,-16.875583009379177,-0.0016076311440918942
pendulum_cons_FU_INDE_RE_INDE_status_4_iter_17_stage_17,-0.00013277601195,-36.971259187348345,-0.006649458362123355
pendulum_cons_FU_INDE_RE_INDE_status_4_iter_17_stage_20,0.0002509626905,-34.13900525296369,-0.003946026330259927
pendulum_cons_FU_INDE_RE_INDE_status_4_iter_18_stage_0,0.00030938456662,-0.19780912004687454,-0.0007092412041942442
pendulum_cons_FU_INDE_RE_INDE_status_4_iter_18_stage_1,0.00025040523729,-0.44738130266463566,-0.001040930281585876
pendulum_cons_FU_INDE_RE_INDE_status_4_iter_18_stage_3,-0.00016192883553,-11.001616173478544,-0.0006950732206365588
pendulum_cons_FU_INDE_RE_INDE_status_4_iter_18_stage_6,0.00012032021073,-253.6882143890524,-0.0006856658662307175
pendulum_cons_FU_INDE_RE_INDE_status_4_iter_18_stage_10,0.00012563627286,-3.0820787395855134,-0.0008648216181523715
pendulum_cons_FU_INDE_RE_INDE_status_4_iter_18_stage_14,6.6137335731e-05,-18.653354274292138,-0.00195917981140417
pendulum_cons_FU_INDE_RE_INDE_status_4_iter_18_stage_15,0.00011692860431,-15.50482746238087,-0.0011082158071168758
pendulum_cons_FU_INDE_RE_INDE_status_4_iter_18_stage_17,-0.00015257022488,-344.03291021611744,-0.05811742566143064
pendulum_cons_FU_INDE_RE_INDE_status_4_iter_18_stage_20,0.00026268306104,-31.144676341604026,-0.003644027025632982
pendulum_cons_FU_INDE_RE_INDE_status_4_iter_19_stage_1,0.00021646272296,-0.6320054156144994,-0.0008393427430749571
pendulum_cons_FU_INDE_RE_INDE_status_4_iter_19_stage_2,1.0035461165e-05,-3.2477743451364898,-0.009912754108090688
pendulum_cons_FU_INDE_RE_INDE_status_4_iter_19_stage_12,5.2810826241e-05,-11.29154703789731,-0.0003542414500042816
pendulum_cons_FU_INDE_RE_INDE_status_4_iter_19_stage_13,0.00057481754723,-17.673234966040198,-0.0021032508761890676
pendulum_cons_FU_INDE_RE_INDE_status_4_iter_19_stage_14,0.00079188785085,-14.113393871153242,-0.002342087804807715
pendulum_cons_FU_INDE_RE_INDE_status_4_iter_19_stage_15,0.00073196283706,-18.343442466038372,-0.0061270726820729215
pendulum_cons_FU_INDE_RE_INDE_status_4_iter_19_stage_17,2.2239471806e-05,-4.848625610583345,-0.00024772661398311796
pendulum_cons_FU_INDE_RE_INDE_status_4_iter_19_stage_20,0.00021079084462,-47.17842159800353,-0.004674106736210958
pendulum_cons_FU_INDE_RE_INDE_status_4_iter_2_stage_0,0.00043291132341,-15.243872204662113,-0.0014137874655269311
pendulum_cons_FU_INDE_RE_INDE_status_4_iter_2_stage_2,0.0004134290903,-3553.9763998912563,-0.14405544166738088
pendulum_cons_FU_INDE_RE_INDE_status_4_iter_2_stage_5,0.00060357315694,-22.19373920932003,-0.0012602551407875882
pendulum_cons_FU_INDE_RE_INDE_status_4_iter_2_stage_8,0.00016468692514,-0.5594720046832378,-0.00118847532845957
pendulum_cons_FU_INDE_RE_INDE_status_4_iter_2_stage_9,-0.00043824196751,-5.24428410531721,-0.001208547631461574
pendulum_cons_FU_INDE_RE_INDE_status_4_iter_2_stage_11,-5.0825388594e-05,-73.22056648637982,-0.004609934593606438
pendulum_cons_FU_INDE_RE_INDE_status_4_iter_2_stage_12,0.00038237646678,-79.89810293049118,-0.001549849646141666
pendulum_cons_FU_INDE_RE_INDE_status_4_iter_2_stage_20,0.00088193319851,-44.358664944413896,-0.0005530610118347709
pendulum_cons_FU_INDE_RE_INDE_status_4_iter_2_stage_23,0.00023560962577,-1348.8326213151934,-0.00682677091263992
pendulum_cons_FU_INDE_RE_INDE_status_4_iter_3_stage_2,0.00025463734063,-0.4207270642967328,-0.0018869820486276825
pendulum_cons_FU_INDE_RE_INDE_status_4_iter_3_stage_3,0.00020477055818,-10.625444680093118,-4.97882162629245e-05
pendulum_cons_FU_INDE_RE_INDE_status_4_iter_3_stage_5,0.00027216905965,-31.982435048798955,-0.006147651755867109
pendulum_cons_FU_INDE_RE_INDE_status_4_iter_3_stage_6,0.00033270030892,-39.88460153513712,-0.002498435053884306
pendulum_cons_FU_INDE_RE_INDE_status_4_iter_3_stage_8,0.00019609815002,-30.10158695045368,-0.00445588091627752
pendulum_cons_FU_INDE_RE_INDE_status_4_iter_3_stage_9,4.5395442085e-06,-33.94668278224747,-0.00158554504083678
pendulum_cons_FU_INDE_RE_INDE_status_4_iter_3_stage_12,-0.00016062820063,-5.8797854248179595,-0.0017869950546818168
pendulum_cons_FU_INDE_RE_INDE_status_4_iter_3_stage_13,9.6763118442e-05,-16.056575143642327,-0.000521754501998274
pendulum_cons_FU_INDE_RE_INDE_status_4_iter_3_stage_15,0.00066022959394,-23.6254480628791,-0.004274886628462074
pendulum_cons_FU_INDE_RE_INDE_status_4_iter_3_stage_16,0.00071871582616,-26.60668192935405,-0.0013141195877687812
pendulum_cons_FU_INDE_RE_INDE_status_4_iter_3_stage_18,0.00038553340349,-1.5397290655250757,-0.0024555837642670103
pendulum_cons_FU_INDE_RE_INDE_status_4_iter_3_stage_19,0.00016126531643,-7.759040705489592,-0.0007113300928859507
pendulum_cons_FU_INDE_RE_INDE_status_4_iter_3_stage_21,0.0002271686265,-211.66538884691764,-0.008456184973191973
pendulum_cons_FU_INDE_RE_INDE_status_4_iter_3_stage_22,0.00033170047931,-462.52060031705514,-0.040229212559331186
pendulum_cons_FU_INDE_RE_INDE_status_4_iter_4_stage_1,0.00045067213892,-12.363060957564485,-0.0021314655642565255
pendulum_cons_FU_INDE_RE_INDE_status_4_iter_4_stage_2,0.00036945889988,-24.67011142504423,-0.000379088751988138
pendulum_cons_FU_INDE_RE_INDE_status_4_iter_4_stage_4,5.9349494694e-05,-50.66654692777621,-0.012319841762254051
pendulum_cons_FU_INDE_RE_INDE_status_4_iter_4_stage_6,0.00030089079088,-27.688868551804852,-0.005062619738512204
pendulum_cons_FU_INDE_RE_INDE_status_4_iter_4_stage_7,0.00044128791379,-37.65446431071241,-0.0027262418356376454
pendulum_cons_FU_INDE_RE_INDE_status_4_iter_4_stage_9,0.0002639656484,-6.97334431621983,-0.0029660665634886167
pendulum_cons_FU_INDE_RE_INDE_status_4_iter_4_stage_10,0.00012994181139,-22.287754434758156,-0.0007269446676534414
pendulum_cons_FU_INDE_RE_INDE_status_4_iter_4_stage_14,0.00063724015768,-16.22309943323348,-0.0004797602030949283
pendulum_cons_FU_INDE_RE_INDE_status_4_iter_4_stage_15,0.0011040568722,-54.1010889397239,-0.0036907555091229604
pendulum_cons_FU_INDE_RE_INDE_status_4_iter_4_stage_16,0.0011032713157,-63.03086879551198,-0.002849100454629983
pendulum_cons_FU_INDE_RE_INDE_status_4_iter_4_stage_17,0.00095157027287,-114.39813814098147,-0.004439032625709282
pendulum_cons_FU_INDE_RE_INDE_status_4_iter_4_stage_18,0.00084260953937,-112.1240457210765,-0.0017858736289865689
pendulum_cons_FU_INDE_RE_INDE_status_4_iter_4_stage_21,0.00014540066005,-218.8268570719997,-0.015362056088733885
pendulum_cons_FU_INDE_RE_INDE_status_4_iter_4_stage_23,0.00032104438496,-387.87685891184776,-4.263405221786236e-05
pendulum_cons_FU_INDE_RE_INDE_status_4_iter_6_stage_0,0.00036448588754,-156595.50892632792,-6.7512984210973945
pendulum_cons_FU_INDE_RE_INDE_status_4_iter_6_stage_2,0.00041840742123,-17.61682762821563,-0.00045336276336995336
pendulum_cons_FU_INDE_RE_INDE_status_4_iter_6_stage_4,0.00032725669461,-3.0912432519984585,-0.00161647218533936
pendulum_cons_FU_INDE_RE_INDE_status_4_iter_6_stage_5,9.6689639209e-05,-8.57030950212293,-0.004614708588054794
pendulum_cons_FU_INDE_RE_INDE_status_4_iter_6_stage_9,-2.2658658075e-05,-1415.3858993289314,-0.008082648503656928
pendulum_cons_FU_INDE_RE_INDE_status_4_iter_6_stage_15,0.00054033355423,-24.17969569161298,-0.0006460654112684901
pendulum_cons_FU_INDE_RE_INDE_status_4_iter_6_stage_16,0.00082839139795,-20.134165359183672,-0.0005670781760514957
pendulum_cons_FU_INDE_RE_INDE_status_4_iter_6_stage_17,0.0008130970233,-22.15442099521733,-0.0018289618012288754
pendulum_cons_FU_INDE_RE_INDE_status_4_iter_6_stage_18,0.00066661383202,-16.886130056809193,-0.0008480485804790164
pendulum_cons_FU_INDE_RE_INDE_status_4_iter_6_stage_20,0.000151503989,-23.957744013858168,-0.0017833794852262347
pendulum_cons_FU_INDE_RE_INDE_status_4_iter_6_stage_22,0.00024155129598,-389.4587627371559,-0.020926469206851175
pendulum_cons_FU_INDE_RE_INDE_status_4_iter_7_stage_1,0.00041022230249,-0.6480466568242168,-0.0008138855608157101
pendulum_cons_FU_INDE_RE_INDE_status_4_iter_7_stage_2,0.00044366628512,-1.3489047610895784,-0.0005658653931333512
pendulum_cons_FU_INDE_RE_INDE_status_4_iter_7_stage_3,0.00041536260742,-11.432465985576467,-0.00848489043662938
pendulum_cons_FU_INDE_RE_INDE_status_4_iter_7_stage_5,-0.00011912074614,-5.817761145116359,-0.000715816799368573
pendulum_cons_FU_INDE_RE_INDE_status_4_iter_7_stage_14,2.805709603e-05,-16.815519945197423,-0.00045247203314454515
pendulum_cons_FU_INDE_RE_INDE_status_4_iter_7_stage_15,0.0005366274537,-19.727542809289407,-0.0012840377232152108
pendulum_cons_FU_INDE_RE_INDE_status_4_iter_7_stage_16,0.00073412909371,-19.254070073821634,-0.0022790745324510406
pendulum_cons_FU_INDE_RE_INDE_status_4_iter_7_stage_17,0.00067681675272,-14.710099525695872,-0.0020857939773510177
pendulum_cons_FU_INDE_RE_INDE_status_4_iter_7_stage_19,0.00014284984588,-7.1507985153807905,-0.00032989430631492634
pendulum_cons_FU_INDE_RE_INDE_status_4_iter_7_stage_22,0.00026082551536,-358.68244052225845,-0.004193058781551937
pendulum_cons_FU_INDE_RE_INDE_status_4_iter_8_stage_1,0.00037908448746,-0.22329569660082405,-0.0001061326661064044
pendulum_cons_FU_INDE_RE_INDE_status_4_iter_8_stage_2,0.00038358855016,-0.3147039402149925,-0.0008271505636417082
pendulum_cons_FU_INDE_RE_INDE_status_4_iter_8_stage_3,0.00033583834554,-1.518717082362967,-0.002232533904708329
pendulum_cons_FU_INDE_RE_INDE_status_4_iter_8_stage_5,-0.00013492781082,-4.742484785061684,-0.0011080167154292344
pendulum_cons_FU_INDE_RE_INDE_status_4_iter_8_stage_8,-7.8340831001e-05,-345.8329732148398,-0.004165552690770051
pendulum_cons_FU_INDE_RE_INDE_status_4_iter_8_stage_14,6.0897976521e-06,-12.933594692320384,-0.0007025181176227422
pendulum_cons_FU_INDE_RE_INDE_status_4_iter_8_stage_15,0.00038810051103,-14.115180443933276,-0.003684212674353782
pendulum_cons_FU_INDE_RE_INDE_status_4_iter_8_stage_17,0.00042958228906,-8.446990407607597,-0.00046035801178422275
pendulum_cons_FU_INDE_RE_INDE_status_4_iter_8_stage_18,0.0001674765318,-6.4757236888367995,-0.0008573884679524634
pendulum_cons_FU_INDE_RE_INDE_status_4_iter_8_stage_22,0.00028792166238,-472.91803650829877,-0.0011335417221120727
pendulum_cons_FU_INDE_RE_INDE_status_4_iter_9_stage_0,0.00051448254648,-23.68220532702418,-0.001843374414923142
pendulum_cons_FU_INDE_RE_INDE_status_4_iter_9_stage_1,0.00085501937917,-51.74745485980809,-0.004224172776422006
pendulum_cons_FU_INDE_RE_INDE_status_4_iter_9_stage_2,0.0012966497086,-128.9713131179002,-0.00875505292524021
pendulum_cons_FU_INDE_RE_INDE_status_4_iter_9_stage_3,0.00064406070886,-128.77421826614005,-0.0062917342135514285
pendulum_cons_FU_INDE_RE_INDE_status_4_iter_9_stage_10,-0.0013158089966,-70.24173956040973,-0.013933656286898988
pendulum_cons_FU_INDE_RE_INDE_status_4_iter_9_stage_12,0.0017968188551,-340.9141222804445,-0.022142582612273136
pendulum_cons_FU_INDE_RE_INDE_status_4_iter_9_stage_18,0.00033171425213,-197.38643907078728,-0.0026905250480942903
pendulum_cons_FU_INDE_RE_INDE_status_4_iter_9_stage_21,0.00032729331181,-418.70160333591815,-0.072348210752276
robot_FU_INDE_RE_INDE_status_4_iter_0_stage_0,-2.369494062249477,-75.92427029514681,-2.086073498054299
robot_FU_INDE_RE_INDE_status_4_iter_0_stage_1,-2.1119618731868703,-64.33014624871392,-1.8645993158857954
robot_FU_INDE_RE_INDE_status_4_iter_0_stage_2,-1.8699094856881755,-53.634020460054195,-1.6542532989476288
robot_FU_INDE_RE_INDE_status_4_iter_0_stage_3,-1.6433172509763052,-43.82253620067461,-1.4542971376614962
robot_FU_INDE_RE_INDE_status_4_iter_0_stage_4,-1.432100597971607,-34.87992424715318,-1.265376762443093
robot_FU_INDE_RE_INDE_status_4_iter_0_stage_5,-1.236110298784575,-26.792019644876913,-1.088474569898762
robot_FU_INDE_RE_INDE_status_4_iter_0_stage_6,-1.0551328630401824,-19.550831220451094,-0.924443047068237
robot_FU_INDE_RE_INDE_status_4_iter_0_stage_7,-0.8888910598269031,-13.16818217507755,-0.7738472966713359
robot_FU_INDE_RE_INDE_status_4_iter_0_stage_8,-0.7370445640649588,-7.718359290070062,-0.6369260422830594
robot_FU_INDE_RE_INDE_status_4_iter_0_stage_9,-0.5991907263629779,-3.4747438827237724,-0.5135873622654284
robot_FU_INDE_RE_INDE_status_4_iter_0_stage_10,-0.47486546281845865,-1.0183493321840607,-0.4034204473900757
robot_FU_INDE_RE_INDE_status_4_iter_0_stage_11,-0.36354426182502664,-0.003198979937940334,-0.3057355039109473
robot_FU_INDE_RE_INDE_status_4_iter_0_stage_12,-0.26464330440324507,0.4852055977769835,-0.21964851006325237
robot_FU_INDE_RE_INDE_status_4_iter_0_stage_13,-0.17752568493846707,0.29029029559514435,-0.1442204102766254
robot_FU_INDE_RE_INDE_status_4_iter_0_stage_14,-0.10152644072519701,-0.151402582320166,-0.0786857405547231
robot_FU_INDE_RE_INDE_status_4_iter_0_stage_15,-0.035835976467549685,-0.5855661246540022,-0.023108806691949882
robot_FU_INDE_RE_INDE_status_4_iter_0_stage_18,-0.001585980593988373,-15.9362792456146,-0.015983798243719663
robot_FU_INDE_RE_INDE_status_4_iter_0_stage_19,-0.03479629940147771,-27.363775111914116,-0.0591413163207713
robot_FU_INDE_RE_INDE_status_4_iter_0_stage_20,-0.06193681462262242,-39.782026521839185,-0.09762230711542277
robot_FU_INDE_RE_INDE_status_4_iter_0_stage_21,-0.08375792101288368,-54.8862525162658,-0.13427249308741818
robot_FU_INDE_RE_INDE_status_4_iter_0_stage_22,-0.1009759104438626,-75.31361612601762,-0.17342545835321874
robot_FU_INDE_RE_INDE_status_4_iter_0_stage_23,-0.11427307295005554,-107.10661456312093,-0.22427176188610176
robot_FU_INDE_RE_INDE_status_4_iter_0_stage_24,-0.1242973790568526,-168.8589541924295,-0.31405358074788947
robot_FU_INDE_RE_INDE_status_4_iter_0_stage_25,-0.13166176255937034,-358.87491682605753,-0.587872669009107
robot_FU_INDE_RE_INDE_status_4_iter_0_stage_27,-0.14068109544102442,9.229902486075346,-0.004641832257828713
robot_FU_INDE_RE_INDE_status_4_iter_0_stage_28,-0.14337695405414813,14.602556524746149,-0.07503923518688041
robot_FU_INDE_RE_INDE_status_4_iter_0_stage_29,-0.14549231206287344,20.0,-0.1137684084715492
robot_FU_INDE_RE_INDE_status_4_iter_1_stage_0,-2.369494062249477,-75.92427029514681,-2.086073498054299
robot_FU_INDE_RE_INDE_status_4_iter_1_stage_1,-2.1119618731868703,-64.33014624871392,-1.8645993158857954
robot_FU_INDE_RE_INDE_status_4_iter_1_stage_2,-1.8699094856881755,-53.634020460054195,-1.6542532989476288
robot_FU_INDE_RE_INDE_status_4_iter_1_stage_3,-1.6433172509763052,-43.82253620067461,-1.4542971376614962
robot_FU_INDE_RE_INDE_status_4_iter_1_stage_4,-1.432100597971607,-34.87992424715318,-1.265376762443093
robot_FU_INDE_RE_INDE_status_4_iter_1_stage_5,-1.236110298784575,-26.792019644876913,-1.088474569898762
robot_FU_INDE_RE_INDE_status_4_iter_1_stage_6,-1.0551328630401824,-19.550831220451094,-0.924443047068237
robot_FU_INDE_RE_INDE_status_4_iter_1_stage_7,-0.8888910598269031,-13.16818217507755,-0.7738472966713359
robot_FU_INDE_RE_INDE_status_4_iter_1_stage_8,-0.7370445640649588,-7.718359290070062,-0.6369260422830594
robot_FU_INDE_RE_INDE_status_4_iter_1_stage_9,-0.5991907263629779,-3.4747438827237724,-0.5135873622654284
robot_FU_INDE_RE_INDE_status_4_iter_1_stage_10,-0.47486546281845865,-1.0183493321840607,-0.4034204473900757
robot_FU_INDE_RE_INDE_status_4_iter_1_stage_11,-0.36354426182502664,-0.003198979937940334,-0.3057355039109473
robot_FU_INDE_RE_INDE_status_4_iter_1_stage_12,-0.26464330440324507,0.4852055977769835,-0.21964851006325237
robot_FU_INDE_RE_INDE_status_4_iter_1_stage_13,-0.17752568493846707,0.29029029559514435,-0.1442204102766254
robot_FU_INDE_RE_INDE_status_4_iter_1_stage_14,-0.10152644072519701,-0.151402582320166,-0.0786857405547231
robot_FU_INDE_RE_INDE_status_4_iter_1_stage_15,-0.035835976467549685,-0.5855661246540022,-0.023108806691949882
robot_FU_INDE_RE_INDE_status_4_iter_1_stage_18,-0.001585980593988373,-15.9362792456146,-0.015983798243719663
robot_FU_INDE_RE_INDE_status_4_iter_1_stage_19,-0.03479629940147771,-27.363775111914116,-0.0591413163207713
robot_FU_INDE_RE_INDE_status_4_iter_1_stage_20,-0.06193681462262242,-39.782026521839185,-0.09762230711542277
robot_FU_INDE_RE_INDE_status_4_iter_1_stage_21,-0.08375792101288368,-54.8862525162658,-0.13427249308741818
robot_FU_INDE_RE_INDE_status_4_iter_1_stage_22,-0.1009759104438626,-75.31361612601762,-0.17342545835321874
robot_FU_INDE_RE_INDE_status_4_iter_1_stage_23,-0.11427307295005554,-107.10661456312093,-0.22427176188610176
robot_FU_INDE_RE_INDE_status_4_iter_1_stage_24,-0.1242973790568526,-168.8589541924295,-0.31405358074788947
robot_FU_INDE_RE_INDE_status_4_iter_1_stage_25,-0.13166176255937034,-358.87491682605753,-0.587872669009107
robot_FU_INDE_RE_INDE_status_4_iter_1_stage_27,-0.14068109544102442,9.229902486075346,-0.004641832257828713
robot_FU_INDE_RE_INDE_status_4_iter_1_stage_28,-0.14337695405414813,14.602556524746149,-0.07503923518688041
robot_FU_INDE_RE_INDE_status_4_iter_1_stage_29,-0.14549231206287344,20.0,-0.1137684084715492
robot_FU_INDE_RE_INDE_status_4_iter_10_stage_1,0.022046825624137185,-184.80448401699482,-0.18654730745729586
robot_FU_INDE_RE_INDE_status_4_iter_10_stage_3,-0.06347240204808968,-5.180042291123123,-0.041032837004602855
robot_FU_INDE_RE_INDE_status_4_iter_10_stage_4,-0.065975158225732,-4.718470727181236,-0.05573124962387004
robot_FU_INDE_RE_INDE_status_4_iter_10_stage_5,-0.05830751331386294,-5.332389974267575,-0.06316988164427506
robot_FU_INDE_RE_INDE_status_4_iter_10_stage_6,-0.0516064680274892,-9.817682802217803,-0.10001148211436106
robot_FU_INDE_RE_INDE_status_4_iter_10_stage_7,-0.04732847211924403,-30.34808255609578,-0.2232191056205844
robot_FU_INDE_RE_INDE_status_4_iter_10_stage_9,-0.037741613905607055,-1.4160298476760436,-0.016835335688840596
robot_FU_INDE_RE_INDE_status_4_iter_10_stage_10,-0.03419099926555437,-2.872626121593006,-0.03734267092194088
robot_FU_INDE_RE_INDE_status_4_iter_10_stage_11,-0.03059872655499828,-6.104940508874276,-0.055795884050357514
robot_FU_INDE_RE_INDE_status_4_iter_10_stage_12,-0.02692459857242864,-20.094241672078102,-0.09592590540660861
robot_FU_INDE_RE_INDE_status_4_iter_10_stage_14,-0.019045409525340503,-0.9624835649830689,-0.0021286937446286245
robot_FU_INDE_RE_INDE_status_4_iter_10_stage_15,-0.015461868808146609,-2.6885434734266696,-0.01678444962221083
robot_FU_INDE_RE_INDE_status_4_iter_10_stage_16,-0.012819727731569329,-6.741920255701587,-0.03332314750955591
robot_FU_INDE_RE_INDE_status_4_iter_10_stage_17,-0.012890881849171549,-701.5993145582107,-0.9763227079742516
robot_FU_INDE_RE_INDE_status_4_iter_10_stage_19,-0.003422597119060858,-0.6265844149523282,-0.0019579955481425315
robot_FU_INDE_RE_INDE_status_4_iter_10_stage_21,-0.0007419996763377221,-0.3219769327597361,-0.00022625657139879914
robot_FU_INDE_RE_INDE_status_4_iter_11_stage_1,0.020649280796078678,-296.326192547211,-0.3293260001527089
robot_FU_INDE_RE_INDE_status_4_iter_11_stage_3,-0.06250278680699012,-5.445386098098714,-0.03587263698610904
robot_FU_INDE_RE_INDE_status_4_iter_11_stage_4,-0.06628180129325276,-4.911311484278552,-0.05353331975993112
robot_FU_INDE_RE_INDE_status_4_iter_11_stage_5,-0.0577458542991951,-5.12331262996378,-0.04986077656158251
robot_FU_INDE_RE_INDE_status_4_iter_11_stage_6,-0.05071486602078176,-8.522431289120021,-0.08171470636701825
robot_FU_INDE_RE_INDE_status_4_iter_11_stage_7,-0.04667115274613424,-22.36024343050862,-0.1759192149092618
robot_FU_INDE_RE_INDE_status_4_iter_11_stage_9,-0.03661426822537703,-1.5294881261195805,-0.014806990881963465
robot_FU_INDE_RE_INDE_status_4_iter_11_stage_10,-0.0329723546309649,-3.037913108081723,-0.034085112531180184
robot_FU_INDE_RE_INDE_status_4_iter_11_stage_11,-0.029282137408086606,-6.443722311104178,-0.04918307926529088
robot_FU_INDE_RE_INDE_status_4_iter_11_stage_12,-0.025553765749557845,-19.17875504785344,-0.07509925414311658
robot_FU_INDE_RE_INDE_status_4_iter_11_stage_13,-0.021520682719412085,-401.16045825781464,-0.7016118506609765
robot_FU_INDE_RE_INDE_status_4_iter_11_stage_15,-0.014072414515521305,-2.908905956928705,-0.013897113858677783
robot_FU_INDE_RE_INDE_status_4_iter_11_stage_16,-0.01153887124638435,-6.763651158268441,-0.029407086909985433
robot_FU_INDE_RE_INDE_status_4_iter_11_stage_18,-0.01157436822358495,-0.4662739572555754,-0.00038346457520604623
robot_FU_INDE_RE_INDE_status_4_iter_11_stage_19,-0.0047569461157808135,-2.897383367812348,-0.00976194618381124
robot_FU_INDE_RE_INDE_status_4_iter_11_stage_21,-0.002703085737356614,-0.90097471380731,-0.00362122543978369
robot_FU_INDE_RE_INDE_status_4_iter_12_stage_2,-0.0471471741564361,-6.271934912782134,-0.006087141338956111
robot_FU_INDE_RE_INDE_status_4_iter_12_stage_3,-0.0630889115634084,-5.903758545568173,-0.05357390118072816
robot_FU_INDE_RE_INDE_status_4_iter_12_stage_4,-0.06576071931321703,-6.241715681040125,-0.07241228566268333
robot_FU_INDE_RE_INDE_status_4_iter_12_stage_5,-0.05740237840107304,-10.128559354493753,-0.09578117035965597
robot_FU_INDE_RE_INDE_status_4_iter_12_stage_6,-0.05049670834881905,-32.83338166846664,-0.25653669397550094
robot_FU_INDE_RE_INDE_status_4_iter_12_stage_8,-0.03991542846838976,-1.7042842900157416,-0.01279685896136974
robot_FU_INDE_RE_INDE_status_4_iter_12_stage_9,-0.036476630574871396,-2.917745950729571,-0.03523161118544961
robot_FU_INDE_RE_INDE_status_4_iter_12_stage_10,-0.0327902182471028,-5.975338215806583,-0.05017300094560876
robot_FU_INDE_RE_INDE_status_4_iter_12_stage_11,-0.029088333064655195,-16.13705427303225,-0.07035489579207808
robot_FU_INDE_RE_INDE_status_4_iter_12_stage_12,-0.02535838093223843,-83.36958797133506,-0.14938532255151354
robot_FU_INDE_RE_INDE_status_4_iter_12_stage_14,-0.017543923792066762,-2.5583657782043607,-0.008622261733575052
robot_FU_INDE_RE_INDE_status_4_iter_12_stage_15,-0.01410210552400806,-5.011661568342707,-0.022481549172056754
robot_FU_INDE_RE_INDE_status_4_iter_12_stage_16,-0.011702703800148987,-20.950977937471976,-0.069758166846477
robot_FU_INDE_RE_INDE_status_4_iter_12_stage_18,-0.011938955029168044,-1.706246559066309,-0.007317416968530824
robot_FU_INDE_RE_INDE_status_4_iter_12_stage_19,-0.004170751899810511,-10.097705831523658,-0.013624867704110435
robot_FU_INDE_RE_INDE_status_4_iter_12_stage_21,-0.0025380375833836608,-1.5977139757621075,-0.004870943108252386
robot_FU_INDE_RE_INDE_status_4_iter_13_stage_2,-0.047076487994028776,-7.448524406368222,-0.019308610691096188
robot_FU_INDE_RE_INDE_status_4_iter_13_stage_3,-0.06338998800622066,-8.591430117427958,-0.07586186620551591
robot_FU_INDE_RE_INDE_status_4_iter_13_stage_4,-0.06535016044504284,-11.978375517229532,-0.10870347221185364
robot_FU_INDE_RE_INDE_status_4_iter_13_stage_5,-0.05709247116831536,-35.06859235041184,-0.2944037642795704
robot_FU_INDE_RE_INDE_status_4_iter_13_stage_7,-0.045720689809504306,-2.0509161789296977,-0.016363892846999004
robot_FU_INDE_RE_INDE_status_4_iter_13_stage_8,-0.03978464203052284,-2.854947949907835,-0.036138575212172966
robot_FU_INDE_RE_INDE_status_4_iter_13_stage_9,-0.0362321671415446,-5.483058834988075,-0.05257665559556503
robot_FU_INDE_RE_INDE_status_4_iter_13_stage_10,-0.03251089806945407,-13.775050099562014,-0.07230381477710056
robot_FU_INDE_RE_INDE_status_4_iter_13_stage_11,-0.028802793715851108,-62.43914752000753,-0.12546688390068889
robot_FU_INDE_RE_INDE_status_4_iter_13_stage_13,-0.021176685570797625,-2.2075344275880857,-0.002446944957748
robot_FU_INDE_RE_INDE_status_4_iter_13_stage_14,-0.017418484300117068,-4.290458947578533,-0.0199989102167304
robot_FU_INDE_RE_INDE_status_4_iter_13_stage_15,-0.014112260506063568,-11.295317860902005,-0.044315416464833224
robot_FU_INDE_RE_INDE_status_4_iter_13_stage_17,-0.01227139075397149,-0.7498863492117208,-0.0055361929492905235
robot_FU_INDE_RE_INDE_status_4_iter_13_stage_18,-0.01216529826960612,-3.4026377589814816,-0.010680042410912001
robot_FU_INDE_RE_INDE_status_4_iter_13_stage_19,-0.0037619388138455875,-45.22331857530321,-0.021533792137370524
robot_FU_INDE_RE_INDE_status_4_iter_13_stage_21,-0.0022210923788370807,-2.439616399560487,-0.00642961065152238
robot_FU_INDE_RE_INDE_status_4_iter_14_stage_2,-0.04700736393884999,-6.010424970736186,-0.002335773753710095
robot_FU_INDE_RE_INDE_status_4_iter_14_stage_3,-0.06375002739455572,-5.607887799424787,-0.054836147025012466
robot_FU_INDE_RE_INDE_status_4_iter_14_stage_4,-0.06485352174198533,-5.856449676831666,-0.07065087709187853
robot_FU_INDE_RE_INDE_status_4_iter_14_stage_5,-0.0567988029870837,-9.566940347521992,-0.09754920619464624
robot_FU_INDE_RE_INDE_status_4_iter_14_stage_6,-0.050035995686593365,-28.91596016120793,-0.2450671155025907
robot_FU_INDE_RE_INDE_status_4_iter_14_stage_8,-0.03963502697765397,-1.5777861130959066,-0.011250671004377419
robot_FU_INDE_RE_INDE_status_4_iter_14_stage_9,-0.035955889664125565,-2.6189823752588954,-0.03432664652434175
robot_FU_INDE_RE_INDE_status_4_iter_14_stage_10,-0.03220165889113077,-5.390731473226693,-0.0507621848589167
robot_FU_INDE_RE_INDE_status_4_iter_14_stage_11,-0.028487306973277293,-15.441057960273065,-0.07566670180472274
robot_FU_INDE_RE_INDE_status_4_iter_14_stage_12,-0.024770152910894024,-139.96467985482747,-0.2291166919511992
robot_FU_INDE_RE_INDE_status_4_iter_14_stage_14,-0.01722871739374744,-2.5869571155114524,-0.01220855190411732
robot_FU_INDE_RE_INDE_status_4_iter_14_stage_15,-0.014039080086404806,-5.284572133403097,-0.027040986029640085
robot_FU_INDE_RE_INDE_status_4_iter_14_stage_16,-0.012039880371622617,-39.4157557275783,-0.15419135985507354
robot_FU_INDE_RE_INDE_status_4_iter_14_stage_18,-0.01273342333695391,-1.2200304288139046,-0.00891474894272102
robot_FU_INDE_RE_INDE_status_4_iter_14_stage_19,-0.003432247216083678,-4.989698153966132,-0.005698042124166434
robot_FU_INDE_RE_INDE_status_4_iter_14_stage_21,-0.0017509414717418875,-1.579521917720809,-0.0043895182062075495
robot_FU_INDE_RE_INDE_status_4_iter_15_stage_2,-0.047480159501498455,-8.16274482649636,-0.0205711039740956
robot_FU_INDE_RE_INDE_status_4_iter_15_stage_3,-0.06460986037877012,-9.16076872399917,-0.07573176694304683
robot_FU_INDE_RE_INDE_status_4_iter_15_stage_4,-0.06498082632873858,-12.858731973351189,-0.10511023682232959
robot_FU_INDE_RE_INDE_status_4_iter_15_stage_5,-0.05706336406064627,-38.65147894927914,-0.2606092437150639
robot_FU_INDE_RE_INDE_status_4_iter_15_stage_7,-0.045296626255835,-2.172165876773209,-0.016837377054278048
robot_FU_INDE_RE_INDE_status_4_iter_15_stage_8,-0.03980443294538947,-3.330547706605888,-0.037739934809044154
robot_FU_INDE_RE_INDE_status_4_iter_15_stage_9,-0.035965268565851985,-6.590839794323336,-0.05211682504911287
robot_FU_INDE_RE_INDE_status_4_iter_15_stage_10,-0.03213160929754146,-16.434575112597962,-0.06776947726108842
robot_FU_INDE_RE_INDE_status_4_iter_15_stage_11,-0.02836460577985466,-52.19283561749052,-0.09842411090275266
robot_FU_INDE_RE_INDE_status_4_iter_15_stage_12,-0.024608073196930286,-294.4056793584687,-0.3320008226866009
robot_FU_INDE_RE_INDE_status_4_iter_15_stage_14,-0.017108237207675576,-4.683510160021669,-0.011890349160454458
robot_FU_INDE_RE_INDE_status_4_iter_15_stage_15,-0.014011651431227047,-11.650423956597507,-0.026597561302354474
robot_FU_INDE_RE_INDE_status_4_iter_15_stage_16,-0.012203661453366946,-118.32620988225491,-0.1634188404381377
robot_FU_INDE_RE_INDE_status_4_iter_15_stage_18,-0.013434570274146448,-4.279088108194412,-0.007411914262059277
robot_FU_INDE_RE_INDE_status_4_iter_15_stage_20,0.000287143318282182,-0.9463179290420273,-0.0018819951968735483
robot_FU_INDE_RE_INDE_status_4_iter_16_stage_1,0.020340315760379778,-2286.0481654113514,-3.3372527260081792
robot_FU_INDE_RE_INDE_status_4_iter_16_stage_3,-0.0648305734011287,-5.664100882825395,-0.050875891764966805
robot_FU_INDE_RE_INDE_status_4_iter_16_stage_4,-0.06470950687403709,-5.4350667136918895,-0.05889779159076208
robot_FU_INDE_RE_INDE_status_4_iter_16_stage_5,-0.05692299344268594,-7.274266841217014,-0.07198111134135265
robot_FU_INDE_RE_INDE_status_4_iter_16_stage_6,-0.050180063842965986,-16.087136279859024,-0.130925172465346
robot_FU_INDE_RE_INDE_status_4_iter_16_stage_7,-0.04503841837215763,-4095.45131105263,-22.616355555820963
robot_FU_INDE_RE_INDE_status_4_iter_16_stage_9,-0.03574669854725618,-2.287657460466411,-0.02782229129731617
robot_FU_INDE_RE_INDE_status_4_iter_16_stage_10,-0.03188321187311864,-4.615285880174913,-0.044057261897506854
robot_FU_INDE_RE_INDE_status_4_iter_16_stage_11,-0.028100144357938592,-11.355711966066837,-0.06224764792005627
robot_FU_INDE_RE_INDE_status_4_iter_16_stage_12,-0.024327901797924156,-52.890242375779735,-0.1177933159688122
robot_FU_INDE_RE_INDE_status_4_iter_16_stage_14,-0.016819184329698512,-2.147973836145518,-0.005249166324128136
robot_FU_INDE_RE_INDE_status_4_iter_16_stage_15,-0.0137018320593639,-4.397658682755644,-0.0188939750931357
robot_FU_INDE_RE_INDE_status_4_iter_16_stage_16,-0.011848641157594826,-15.310337507065057,-0.046280732627918306
robot_FU_INDE_RE_INDE_status_4_iter_16_stage_18,-0.012910072253026532,-1.4308542628655734,-0.005234125090523704
robot_FU_INDE_RE_INDE_status_4_iter_16_stage_19,-0.0025177368631111446,-11.086466318345295,-0.012441661863333824
robot_FU_INDE_RE_INDE_status_4_iter_17_stage_1,0.020340591600493063,-209.63986741153045,-0.21640159695186356
robot_FU_INDE_RE_INDE_status_4_iter_17_stage_3,-0.06500420048102641,-5.261204943659391,-0.041953161250553365
robot_FU_INDE_RE_INDE_status_4_iter_17_stage_4,-0.0643813380366889,-4.687481362144343,-0.04569016850526569
robot_FU_INDE_RE_INDE_status_4_iter_17_stage_5,-0.05675745878913009,-5.014845799404827,-0.05385208045347391
robot_FU_INDE_RE_INDE_status_4_iter_17_stage_6,-0.050046266569075654,-8.620443626602636,-0.08614443649810793
robot_FU_INDE_RE_INDE_status_4_iter_17_stage_7,-0.044784273185577456,-26.460628778257064,-0.2022542676643235
robot_FU_INDE_RE_INDE_status_4_iter_17_stage_9,-0.035557082358179164,-1.3737808249945085,-0.01373066013611918
robot_FU_INDE_RE_INDE_status_4_iter_17_stage_10,-0.03168240351429899,-2.7911992484083092,-0.03392564631443796
robot_FU_INDE_RE_INDE_status_4_iter_17_stage_11,-0.02789438762961581,-6.081927849459232,-0.05103847902339431
robot_FU_INDE_RE_INDE_status_4_iter_17_stage_12,-0.024106486088536667,-22.42174302838671,-0.08779569271831114
robot_FU_INDE_RE_INDE_status_4_iter_17_stage_14,-0.01652630999695119,-1.3458884523028718,-0.0016269558781024716
robot_FU_INDE_RE_INDE_status_4_iter_17_stage_15,-0.013297472347520038,-3.1744637244736236,-0.015908316678206996
robot_FU_INDE_RE_INDE_status_4_iter_17_stage_16,-0.011231128613665993,-8.975327957238063,-0.03608193178687204
robot_FU_INDE_RE_INDE_status_4_iter_17_stage_18,-0.012137710705655967,-0.010473321122970633,-0.003642790195058259
robot_FU_INDE_RE_INDE_status_4_iter_17_stage_19,-0.0018666922577330464,-2.07476741146345,-0.003118253160369038
robot_FU_INDE_RE_INDE_status_4_iter_18_stage_1,0.022871629937210706,-121.82317079800852,-0.10832685966547123
robot_FU_INDE_RE_INDE_status_4_iter_18_stage_3,-0.06635017379251522,-5.177433216825571,-0.022482622271353163
robot_FU_INDE_RE_INDE_status_4_iter_18_stage_4,-0.06655625640474062,-4.372843496855669,-0.014879891801281658
robot_FU_INDE_RE_INDE_status_4_iter_18_stage_5,-0.05894694589561665,-3.782293348767404,-0.017063486288948868
robot_FU_INDE_RE_INDE_status_4_iter_18_stage_6,-0.052643942561929405,-4.132569347046433,-0.039985337608157055
robot_FU_INDE_RE_INDE_status_4_iter_18_stage_7,-0.04752642737224244,-7.003102431390822,-0.06750602128630966
robot_FU_INDE_RE_INDE_status_4_iter_18_stage_8,-0.0426041749101529,-19.494335886898124,-0.13200680689652367
robot_FU_INDE_RE_INDE_status_4_iter_18_stage_10,-0.035145670205345377,-1.283694025656398,-0.007223562603155673
robot_FU_INDE_RE_INDE_status_4_iter_18_stage_11,-0.031405699420212534,-2.827785326960904,-0.028846634664372636
robot_FU_INDE_RE_INDE_status_4_iter_18_stage_12,-0.027518984331563964,-5.89157679469496,-0.04191152522372725
robot_FU_INDE_RE_INDE_status_4_iter_18_stage_13,-0.02333684444278738,-15.853199121338083,-0.06092414127756747
robot_FU_INDE_RE_INDE_status_4_iter_18_stage_14,-0.018907947496947214,-179.32188032000113,-0.3135669589899838
robot_FU_INDE_RE_INDE_status_4_iter_18_stage_16,-0.009700607620260832,-2.601628605709929,-0.009852532506552028
robot_FU_INDE_RE_INDE_status_4_iter_18_stage_17,-0.005560025584225622,-8.356705056421358,-0.023889996039817007
robot_FU_INDE_RE_INDE_status_4_iter_19_stage_1,0.02278163880013064,-132.07269260086468,-0.12058015126622673
robot_FU_INDE_RE_INDE_status_4_iter_19_stage_3,-0.06639339773599853,-5.187862590965528,-0.027516856407303576
robot_FU_INDE_RE_INDE_status_4_iter_19_stage_4,-0.0661593554109979,-4.400862088048171,-0.020016712361144006
robot_FU_INDE_RE_INDE_status_4_iter_19_stage_5,-0.05877150570920768,-3.885420399220171,-0.024043096772906548
robot_FU_INDE_RE_INDE_status_4_iter_19_stage_6,-0.05247356380104648,-4.526519903221665,-0.04653821909198487
robot_FU_INDE_RE_INDE_status_4_iter_19_stage_7,-0.04729064136492404,-8.195398930211324,-0.07657745250815201
robot_FU_INDE_RE_INDE_status_4_iter_19_stage_8,-0.04244709567005794,-27.752959438506863,-0.17522326305204944
robot_FU_INDE_RE_INDE_status_4_iter_19_stage_10,-0.03491989450046122,-1.477566239233436,-0.013253802985375512
robot_FU_INDE_RE_INDE_status_4_iter_19_stage_11,-0.031190529265260506,-3.1785719356068443,-0.03235450150657369
robot_FU_INDE_RE_INDE_status_4_iter_19_stage_12,-0.02731858778146335,-6.732960836413007,-0.04583864616481892
robot_FU_INDE_RE_INDE_status_4_iter_19_stage_13,-0.023167890498983768,-20.373743075035797,-0.0710169810787033
robot_FU_INDE_RE_INDE_status_4_iter_19_stage_15,-0.01422095587399265,-1.202200034884169,-0.00017442671767918744
robot_FU_INDE_RE_INDE_status_4_iter_19_stage_16,-0.00972819601997104,-2.9083415577980856,-0.011884549540350956
robot_FU_INDE_RE_INDE_status_4_iter_19_stage_17,-0.00571357642632625,-12.084242622893177,-0.03244887133208936
robot_FU_INDE_RE_INDE_status_4_iter_2_stage_0,-1.0239632748190701,-17.715945251633194,-0.9362817178321026
robot_FU_INDE_RE_INDE_status_4_iter_2_stage_1,-0.7898897799154314,-13.304026910696015,-0.6114255968593465
robot_FU_INDE_RE_INDE_status_4_iter_2_stage_2,-0.583189632765977,-9.962125194047763,-0.4172624647521772
robot_FU_INDE_RE_INDE_status_4_iter_2_stage_3,-0.40825048369439265,-7.557093476558704,-0.2835617042544955
robot_FU_INDE_RE_INDE_status_4_iter_2_stage_4,-0.2453689670956477,-6.280655100132934,-0.05682962651089758
robot_FU_INDE_RE_INDE_status_4_iter_2_stage_5,-0.1294116531159027,-5.588750247002841,-0.05534594840272357
robot_FU_INDE_RE_INDE_status_4_iter_2_stage_6,-0.045554002686385785,-5.166209980381698,-0.03316032870624131
robot_FU_INDE_RE_INDE_status_4_iter_2_stage_8,0.020876118721674556,-1473.1821703043777,-0.0980916275272267
robot_FU_INDE_RE_INDE_status_4_iter_2_stage_11,-0.012520737879033392,-5.7837760510243506,-0.01561716187618393
robot_FU_INDE_RE_INDE_status_4_iter_2_stage_12,-0.026125005024470523,-5.357151606335848,-0.029498464592330718
robot_FU_INDE_RE_INDE_status_4_iter_2_stage_13,-0.029971876650151046,-4.8482523148313135,-0.03352245288959802
robot_FU_INDE_RE_INDE_status_4_iter_2_stage_14,-0.021724260122259573,-4.6996818126741005,-0.02557181222881496
robot_FU_INDE_RE_INDE_status_4_iter_2_stage_21,-0.005490893964968845,-3.0993510601876655,-0.0034720185806647397
robot_FU_INDE_RE_INDE_status_4_iter_2_stage_22,-0.01477184311489095,-6.25523993004621,-0.020170089751639645
robot_FU_INDE_RE_INDE_status_4_iter_2_stage_23,-0.023490437308976993,-11.04065239751813,-0.03750841206671662
robot_FU_INDE_RE_INDE_status_4_iter_2_stage_24,-0.03222068963900736,-17.71515229957284,-0.056700246436954184
robot_FU_INDE_RE_INDE_status_4_iter_2_stage_25,-0.04103896292408806,-20.905272341025793,-0.049368644981958074
robot_FU_INDE_RE_INDE_status_4_iter_2_stage_26,-0.04900303186397965,-26.178960018978305,-0.0135401235885316
robot_FU_INDE_RE_INDE_status_4_iter_2_stage_27,-0.0562382446030368,-921.7593877759718,-2.210992210845682
robot_FU_INDE_RE_INDE_status_4_iter_2_stage_28,-0.06748464856505677,-313.0581133326816,-0.056559202171052314
robot_FU_INDE_RE_INDE_status_4_iter_20_stage_1,0.02267770577890679,-139.4161690213932,-0.12944918433146532
robot_FU_INDE_RE_INDE_status_4_iter_20_stage_3,-0.06639268240550235,-5.190207725934184,-0.030773516886006956
robot_FU_INDE_RE_INDE_status_4_iter_20_stage_4,-0.06576349619554195,-4.416685860901681,-0.023659786593721515
robot_FU_INDE_RE_INDE_status_4_iter_20_stage_5,-0.05853128156898681,-3.9705353097609306,-0.029513839812673102
robot_FU_INDE_RE_INDE_status_4_iter_20_stage_6,-0.05221715344175437,-4.888316972230829,-0.0520462824070025
robot_FU_INDE_RE_INDE_status_4_iter_20_stage_7,-0.04697095007067797,-9.341824710119486,-0.08535406725759936
robot_FU_INDE_RE_INDE_status_4_iter_20_stage_8,-0.042181584051917256,-40.226877877630486,-0.23972232243381233
robot_FU_INDE_RE_INDE_status_4_iter_20_stage_10,-0.034597962347265684,-1.631495043629284,-0.01734159514833066
robot_FU_INDE_RE_INDE_status_4_iter_20_stage_11,-0.030876347259665197,-3.46534949224424,-0.03508489003357987
robot_FU_INDE_RE_INDE_status_4_iter_20_stage_12,-0.02701648634526785,-7.519360936853061,-0.04953969518424975
robot_FU_INDE_RE_INDE_status_4_iter_20_stage_13,-0.022893960196712852,-26.31090853098981,-0.08444609821662388
robot_FU_INDE_RE_INDE_status_4_iter_20_stage_15,-0.014054456058948468,-1.381299847004453,-0.0034087761520603076
robot_FU_INDE_RE_INDE_status_4_iter_20_stage_16,-0.009666469786684763,-3.230856817594996,-0.013996066738348203
robot_FU_INDE_RE_INDE_status_4_iter_20_stage_17,-0.005803353978119593,-21.190745979311725,-0.05094933320171048
robot_FU_INDE_RE_INDE_status_4_iter_21_stage_1,0.022546026725578976,-141.576364485373,-0.13194859706991371
robot_FU_INDE_RE_INDE_status_4_iter_21_stage_3,-0.06633302077158457,-5.178062383446224,-0.03217959580932899
robot_FU_INDE_RE_INDE_status_4_iter_21_stage_4,-0.06532071500210791,-4.408298237173579,-0.025410271718453864
robot_FU_INDE_RE_INDE_status_4_iter_21_stage_5,-0.05817554337147079,-4.004924791015772,-0.03296474388251425
robot_FU_INDE_RE_INDE_status_4_iter_21_stage_6,-0.05182048772156597,-5.106928220548554,-0.05572946212667903
robot_FU_INDE_RE_INDE_status_4_iter_21_stage_7,-0.04650755765712305,-10.119880896258074,-0.09192155380711833
robot_FU_INDE_RE_INDE_status_4_iter_21_stage_8,-0.04174963523676712,-54.221212514274555,-0.3135983931170241
robot_FU_INDE_RE_INDE_status_4_iter_21_stage_10,-0.034114124697938175,-1.71506790313479,-0.0195731929140289
robot_FU_INDE_RE_INDE_status_4_iter_21_stage_11,-0.03039772317191975,-3.6303229518636684,-0.03676478629489189
robot_FU_INDE_RE_INDE_status_4_iter_21_stage_12,-0.026549087290071285,-8.084780197124545,-0.05257989317672655
robot_FU_INDE_RE_INDE_status_4_iter_21_stage_13,-0.02245481135711419,-33.771406143357524,-0.10238784081730401
robot_FU_INDE_RE_INDE_status_4_iter_21_stage_15,-0.013735306849488156,-1.5292900591343952,-0.006013593669491139
robot_FU_INDE_RE_INDE_status_4_iter_21_stage_16,-0.009467220753855421,-3.559774929248447,-0.016190513044541013
robot_FU_INDE_RE_INDE_status_4_iter_21_stage_17,-0.0057818685556964115,-72.95032815020564,-0.12827955418920747
robot_FU_INDE_RE_INDE_status_4_iter_22_stage_1,0.022370130077461105,-132.95150750376146,-0.12120462126926579
robot_FU_INDE_RE_INDE_status_4_iter_22_stage_3,-0.06617469580195641,-5.134308710181275,-0.030373493752848
robot_FU_INDE_RE_INDE_status_4_iter_22_stage_4,-0.06474454919190951,-4.347654922839958,-0.023459091736874844
robot_FU_INDE_RE_INDE_status_4_iter_22_stage_5,-0.05760318897140469,-3.9156440237020242,-0.032583930743402156
robot_FU_INDE_RE_INDE_status_4_iter_22_stage_6,-0.05117102056795122,-4.9387492852956285,-0.055330318189752384
robot_FU_INDE_RE_INDE_status_4_iter_22_stage_7,-0.04577746545312447,-9.748391033056222,-0.09110520085825577
robot_FU_INDE_RE_INDE_status_4_iter_22_stage_8,-0.04102513605155714,-49.88993021109558,-0.30189584917166656
robot_FU_INDE_RE_INDE_status_4_iter_22_stage_10,-0.03332939431460241,-1.6447432182855948,-0.01891083255978179
robot_FU_INDE_RE_INDE_status_4_iter_22_stage_11,-0.029612451235311754,-3.5161919845933314,-0.03631384658124786
robot_FU_INDE_RE_INDE_status_4_iter_22_stage_12,-0.02577188292609818,-7.937030400204871,-0.05327505018340334
robot_FU_INDE_RE_INDE_status_4_iter_22_stage_13,-0.02170461876658008,-39.358593471031995,-0.11970673473287397
robot_FU_INDE_RE_INDE_status_4_iter_22_stage_15,-0.013115417438428499,-1.603142204982607,-0.007724026898510531
robot_FU_INDE_RE_INDE_status_4_iter_22_stage_16,-0.008980620732332672,-3.819187578516733,-0.018140739102248497
robot_FU_INDE_RE_INDE_status_4_iter_22_stage_18,-0.006302154607901664,-0.5555787036344293,-0.0009465450994725053
robot_FU_INDE_RE_INDE_status_4_iter_23_stage_1,0.022190379304385745,-104.58225339987642,-0.0876534090432534
robot_FU_INDE_RE_INDE_status_4_iter_23_stage_3,-0.06584643692190947,-5.0133403705498365,-0.019709590555484525
robot_FU_INDE_RE_INDE_status_4_iter_23_stage_4,-0.06394597230344409,-4.1844835743915985,-0.012547563793461244
robot_FU_INDE_RE_INDE_status_4_iter_23_stage_5,-0.05673249737573232,-3.6158756538532284,-0.024102908766175192
robot_FU_INDE_RE_INDE_status_4_iter_23_stage_6,-0.05019021443385222,-4.099311038882098,-0.04672137083163272
robot_FU_INDE_RE_INDE_status_4_iter_23_stage_7,-0.044700404344461535,-7.404577462081168,-0.07624385798629618
robot_FU_INDE_RE_INDE_status_4_iter_23_stage_8,-0.039927090750269456,-23.896753096589617,-0.1731113429516788
robot_FU_INDE_RE_INDE_status_4_iter_23_stage_10,-0.032142979112003076,-1.2457061908557192,-0.011757669977034268
robot_FU_INDE_RE_INDE_status_4_iter_23_stage_11,-0.028405302479487325,-2.821803662634824,-0.031086275272849476
robot_FU_INDE_RE_INDE_status_4_iter_23_stage_12,-0.02455022750477889,-6.212869029005676,-0.047576076862197225
robot_FU_INDE_RE_INDE_status_4_iter_23_stage_13,-0.020483221560335736,-28.743540449262113,-0.10603308779817781
robot_FU_INDE_RE_INDE_status_4_iter_23_stage_15,-0.011956950627336378,-1.452521018820653,-0.007439036983989604
robot_FU_INDE_RE_INDE_status_4_iter_23_stage_16,-0.007910967085643483,-3.6837030853493458,-0.018209156285902077
robot_FU_INDE_RE_INDE_status_4_iter_23_stage_18,-0.005476952412079586,-0.49556965132886843,-0.0025893291469038155
robot_FU_INDE_RE_INDE_status_4_iter_3_stage_0,-1.5643602531376246,-35.72849341255935,-1.3584561782024762
robot_FU_INDE_RE_INDE_status_4_iter_3_stage_1,-1.2857270983621811,-28.764320789132903,-1.1128803254405257
robot_FU_INDE_RE_INDE_status_4_iter_3_stage_2,-1.0427932675773024,-23.080275280188943,-0.898767852144413
robot_FU_INDE_RE_INDE_status_4_iter_3_stage_3,-0.8315759683045407,-18.44098606489684,-0.7121269406003898
robot_FU_INDE_RE_INDE_status_4_iter_3_stage_4,-0.6489147777019578,-14.652758140704977,-0.5500247770090781
robot_FU_INDE_RE_INDE_status_4_iter_3_stage_5,-0.49241343919081487,-11.57847672881483,-0.41040368950142414
robot_FU_INDE_RE_INDE_status_4_iter_3_stage_6,-0.36037165877587934,-9.142575136001557,-0.2919800820430225
robot_FU_INDE_RE_INDE_status_4_iter_3_stage_7,-0.2515678042819198,-7.327802590833849,-0.19412446411306133
robot_FU_INDE_RE_INDE_status_4_iter_3_stage_8,-0.16314082860569354,-6.234643730196796,-0.1148851837079203
robot_FU_INDE_RE_INDE_status_4_iter_3_stage_9,-0.09065520992538612,-5.7156750982811495,-0.056138634147387324
robot_FU_INDE_RE_INDE_status_4_iter_3_stage_10,-0.03268707950794136,-5.456051007828012,-0.019324529141305367
robot_FU_INDE_RE_INDE_status_4_iter_3_stage_25,-0.003005690671483159,-27.61759393301918,-0.04257671454609751
robot_FU_INDE_RE_INDE_status_4_iter_3_stage_26,-0.0280461115917775,-118.42355686310064,-0.20239701614233735
robot_FU_INDE_RE_INDE_status_4_iter_3_stage_28,-0.09079617273742632,15.227294384116115,-0.023768967849292853
robot_FU_INDE_RE_INDE_status_4_iter_3_stage_29,-0.1274710865168177,20.0,-0.09519969716011227
robot_FU_INDE_RE_INDE_status_4_iter_4_stage_0,-1.1650502046749456,-25.02442434007254,-1.082750004756051
robot_FU_INDE_RE_INDE_status_4_iter_4_stage_1,-0.920952028411684,-17.768054813161715,-0.8516720535704349
robot_FU_INDE_RE_INDE_status_4_iter_4_stage_2,-0.7074370954904733,-12.181796078214948,-0.6512092431076871
robot_FU_INDE_RE_INDE_status_4_iter_4_stage_3,-0.5209691038689486,-8.297875232758635,-0.47762892226862597
robot_FU_INDE_RE_INDE_status_4_iter_4_stage_4,-0.3590034270016158,-5.9631437807394425,-0.3285317377934883
robot_FU_INDE_RE_INDE_status_4_iter_4_stage_5,-0.21957342519326037,-4.919986888185207,-0.20240448413600517
robot_FU_INDE_RE_INDE_status_4_iter_4_stage_6,-0.10047754147348761,-4.866608930326739,-0.09870642935093438
robot_FU_INDE_RE_INDE_status_4_iter_4_stage_8,0.035124314361174004,-36.96867333155921,-0.04574345272938059
robot_FU_INDE_RE_INDE_status_4_iter_4_stage_10,-0.0652979036371267,-3.905086140807726,-0.011992120686068466
robot_FU_INDE_RE_INDE_status_4_iter_4_stage_11,-0.09098313793052937,-3.757709437220068,-0.02134081695569034
robot_FU_INDE_RE_INDE_status_4_iter_4_stage_12,-0.10425708629238865,-684.1122559294641,-2.084983608044889
robot_FU_INDE_RE_INDE_status_4_iter_4_stage_13,-0.10789506380122288,-968.5800377975465,-2.5635696679013593
robot_FU_INDE_RE_INDE_status_4_iter_4_stage_14,-0.1093402704230897,-26129.65994545135,-59.691515895232726
robot_FU_INDE_RE_INDE_status_4_iter_4_stage_16,-0.10829279158196464,-10.22357471415956,-0.010988824199901171
robot_FU_INDE_RE_INDE_status_4_iter_4_stage_17,-0.10595169715063052,-14.805183172231587,-0.03103977936627834
robot_FU_INDE_RE_INDE_status_4_iter_4_stage_18,-0.10183571955674199,-20.00040807571267,-0.054832744183724164
robot_FU_INDE_RE_INDE_status_4_iter_4_stage_19,-0.09782459364191341,-25.177222783405718,-0.09210906094807383
robot_FU_INDE_RE_INDE_status_4_iter_4_stage_20,-0.09273133512471729,-30.828540593719563,-0.12289184317240466
robot_FU_INDE_RE_INDE_status_4_iter_4_stage_21,-0.08551505406287985,-38.27999855683028,-0.1454438393913664
robot_FU_INDE_RE_INDE_status_4_iter_4_stage_22,-0.07713467373635602,-49.39900343816478,-0.1561092971712784
robot_FU_INDE_RE_INDE_status_4_iter_4_stage_23,-0.06892537820025,-73.10168664800852,-0.16518824894975975
robot_FU_INDE_RE_INDE_status_4_iter_4_stage_24,-0.06250090642291237,-139.43171232343187,-0.2008722877068502
robot_FU_INDE_RE_INDE_status_4_iter_4_stage_26,-0.06107107996167261,-6418.641502074523,-3.836284877938213
robot_FU_INDE_RE_INDE_status_4_iter_4_stage_29,-0.09211911006818405,20.0,-0.05143757174676159
robot_FU_INDE_RE_INDE_status_4_iter_5_stage_0,-0.6739018375321512,-20.219395631677575,-0.6415504461702067
robot_FU_INDE_RE_INDE_status_4_iter_5_stage_1,-0.4771342878543377,-20.755959498529453,-0.41926021441692624
robot_FU_INDE_RE_INDE_status_4_iter_5_stage_2,-0.31011001804109384,-22.25965834049196,-0.2282649628861082
robot_FU_INDE_RE_INDE_status_4_iter_5_stage_3,-0.16810639839665928,-26.309207517417548,-0.09192710263605891
robot_FU_INDE_RE_INDE_status_4_iter_5_stage_4,-0.04809835642211625,-33.98750971697927,-0.020161247224693618
robot_FU_INDE_RE_INDE_status_4_iter_5_stage_7,-0.05755769583134633,-210.30472021772232,-0.7980475777288852
robot_FU_INDE_RE_INDE_status_4_iter_5_stage_9,-0.09856977225303436,-3.0709618128994416,-0.06926451364566855
robot_FU_INDE_RE_INDE_status_4_iter_5_stage_10,-0.09951517071413211,-3.082338373602353,-0.08521403489725726
robot_FU_INDE_RE_INDE_status_4_iter_5_stage_11,-0.08859653681569898,-3.811479728362853,-0.096987600439903
robot_FU_INDE_RE_INDE_status_4_iter_5_stage_12,-0.0709431049660079,-6.103271404244566,-0.10720669791370882
robot_FU_INDE_RE_INDE_status_4_iter_5_stage_13,-0.050752174675278455,-16.24683591006469,-0.15744046476178747
robot_FU_INDE_RE_INDE_status_4_iter_5_stage_15,-0.023057018758136504,-2.2761551578697814,-0.007513516817906028
robot_FU_INDE_RE_INDE_status_4_iter_5_stage_16,-0.01552320824195609,-3.6855713994838304,-0.020627360950448287
robot_FU_INDE_RE_INDE_status_4_iter_5_stage_17,-0.012204533046784618,-8.23187336294582,-0.03378433692458657
robot_FU_INDE_RE_INDE_status_4_iter_5_stage_18,-0.011169225005238731,-223.88790059325942,-0.17346336796119174
robot_FU_INDE_RE_INDE_status_4_iter_5_stage_20,-0.010516899061147562,-2.376825192683744,-0.011324841312884748
robot_FU_INDE_RE_INDE_status_4_iter_5_stage_21,-0.006683396899238789,-3.280267718103301,-0.0106004589636194
robot_FU_INDE_RE_INDE_status_4_iter_5_stage_28,-0.011888677628690655,-18.824895541114127,-0.05760419184721688
robot_FU_INDE_RE_INDE_status_4_iter_6_stage_2,-0.05685032674661186,-7.0473638484128145,-0.026407844666131525
robot_FU_INDE_RE_INDE_status_4_iter_6_stage_3,-0.08417037836980949,-7.1724057941435255,-0.0755386127702391
robot_FU_INDE_RE_INDE_status_4_iter_6_stage_4,-0.0733731786824121,-9.288790114065174,-0.10650646895420776
robot_FU_INDE_RE_INDE_status_4_iter_6_stage_5,-0.060967205090765655,-22.488064383019097,-0.21589542152383556
robot_FU_INDE_RE_INDE_status_4_iter_6_stage_7,-0.04975183955637838,-1.6679127065746246,-0.006995191484243557
robot_FU_INDE_RE_INDE_status_4_iter_6_stage_8,-0.04536780414687848,-2.5484572491560633,-0.03527672510388408
robot_FU_INDE_RE_INDE_status_4_iter_6_stage_9,-0.04108776373252969,-5.016443622718562,-0.051637245323308316
robot_FU_INDE_RE_INDE_status_4_iter_6_stage_10,-0.0359872084454671,-11.655653792138336,-0.0643777868138383
robot_FU_INDE_RE_INDE_status_4_iter_6_stage_11,-0.03085928061904654,-42.44860687360072,-0.08074679549875172
robot_FU_INDE_RE_INDE_status_4_iter_6_stage_12,-0.025944466734188744,-166.495602878578,-0.12700264682306645
robot_FU_INDE_RE_INDE_status_4_iter_6_stage_14,-0.01701366965634326,-3.322371859496163,-0.0006685816931927546
robot_FU_INDE_RE_INDE_status_4_iter_6_stage_15,-0.012937680447194826,-9.200411253749536,-0.014830563815962927
robot_FU_INDE_RE_INDE_status_4_iter_6_stage_16,-0.009374171328644654,-52.79251491394222,-0.034351620515930895
robot_FU_INDE_RE_INDE_status_4_iter_6_stage_18,-0.006354716084699747,-15.848346894317084,-0.003840745621680417
robot_FU_INDE_RE_INDE_status_4_iter_6_stage_20,-0.0026744466681662762,-2.9498553618390826,-0.016386501915196833
robot_FU_INDE_RE_INDE_status_4_iter_6_stage_25,0.004256661923762069,-141.22600527575412,-0.31893623870228816
robot_FU_INDE_RE_INDE_status_4_iter_7_stage_1,0.015174952237233648,-125.66451308359134,-0.11112030450195232
robot_FU_INDE_RE_INDE_status_4_iter_7_stage_3,-0.10252506170508453,-5.296405362235946,-0.01758653869299148
robot_FU_INDE_RE_INDE_status_4_iter_7_stage_4,-0.11773918004166437,-4.395536134988987,-0.06814076367250316
robot_FU_INDE_RE_INDE_status_4_iter_7_stage_5,-0.09868313116151323,-3.3642871365428904,-0.04353664968566189
robot_FU_INDE_RE_INDE_status_4_iter_7_stage_6,-0.07854876036734472,-2.7051480163553014,-0.054958050066287976
robot_FU_INDE_RE_INDE_status_4_iter_7_stage_7,-0.05988481484428657,-3.5316205574026056,-0.06323495730343816
robot_FU_INDE_RE_INDE_status_4_iter_7_stage_8,-0.0345560068863177,-10.078285546286175,-0.11086994737416547
robot_FU_INDE_RE_INDE_status_4_iter_7_stage_9,-0.028850466834314078,-63.55995176020052,-0.2475111952731292
robot_FU_INDE_RE_INDE_status_4_iter_7_stage_11,-0.01754497375909548,-1.7760415010510788,-0.011812226506300247
robot_FU_INDE_RE_INDE_status_4_iter_7_stage_12,-0.013606307389877111,-5.095975720911393,-0.030965541832901955
robot_FU_INDE_RE_INDE_status_4_iter_7_stage_14,-0.008020289898665087,-2.0873095369069015,-0.0021786325253521
robot_FU_INDE_RE_INDE_status_4_iter_7_stage_15,-0.006294645464219668,-5.511895537526295,-0.01581874494916647
robot_FU_INDE_RE_INDE_status_4_iter_7_stage_17,-0.0041920528711429095,-1.4585664038971422,-9.603737243045734e-05
robot_FU_INDE_RE_INDE_status_4_iter_7_stage_18,-0.003425869682259275,-3.7164887657963495,-0.009812129186457108
robot_FU_INDE_RE_INDE_status_4_iter_7_stage_28,-0.005097506938728208,-11.996543786478599,-0.007768028359521761
robot_FU_INDE_RE_INDE_status_4_iter_8_stage_1,0.022879487627636506,-224.51719472174807,-0.22872821059057813
robot_FU_INDE_RE_INDE_status_4_iter_8_stage_3,-0.06353324775449112,-5.309296818776511,-0.03792212880436564
robot_FU_INDE_RE_INDE_status_4_iter_8_stage_4,-0.06751760245524877,-4.723635342485193,-0.055274734134134376
robot_FU_INDE_RE_INDE_status_4_iter_8_stage_5,-0.05974252855813521,-4.7986477653588375,-0.05410624710406018
robot_FU_INDE_RE_INDE_status_4_iter_8_stage_6,-0.05315933477450713,-7.7268558270358465,-0.0825984007355891
robot_FU_INDE_RE_INDE_status_4_iter_8_stage_7,-0.0492623775240039,-18.125099172344875,-0.15195261475012858
robot_FU_INDE_RE_INDE_status_4_iter_8_stage_9,-0.03859003266506603,-1.3122480021682463,-0.011623450169292558
robot_FU_INDE_RE_INDE_status_4_iter_8_stage_10,-0.03498678466087281,-2.6381036524402552,-0.03355221937065245
robot_FU_INDE_RE_INDE_status_4_iter_8_stage_11,-0.031311947203893756,-5.457453824651689,-0.04930147435254001
robot_FU_INDE_RE_INDE_status_4_iter_8_stage_12,-0.02753735234552445,-14.350798724303324,-0.07310865293450794
robot_FU_INDE_RE_INDE_status_4_iter_8_stage_13,-0.02336154858600957,-156.30447614725972,-0.34113342447579503
robot_FU_INDE_RE_INDE_status_4_iter_8_stage_15,-0.015314122286983211,-2.2567646450182304,-0.012573346202320482
robot_FU_INDE_RE_INDE_status_4_iter_8_stage_16,-0.012184113456030418,-5.021716303026706,-0.025194289902579138
robot_FU_INDE_RE_INDE_status_4_iter_8_stage_17,-0.011146760017699854,-66.21026143741767,-0.15511185750991047
robot_FU_INDE_RE_INDE_status_4_iter_8_stage_19,-0.005769924967303594,-1.3408796660988178,-0.006355804002693636
robot_FU_INDE_RE_INDE_status_4_iter_8_stage_21,-0.0017305665943242732,-0.6662948119150667,-0.002345826694433498
robot_FU_INDE_RE_INDE_status_4_iter_9_stage_1,0.013268771764825762,-210.27851379471403,-0.2155523454802759
robot_FU_INDE_RE_INDE_status_4_iter_9_stage_3,-0.07525691865751392,-5.103617458164378,-0.030200169287105026
robot_FU_INDE_RE_INDE_status_4_iter_9_stage_4,-0.08653877280051725,-4.353895061984925,-0.06575998599978349
robot_FU_INDE_RE_INDE_status_4_iter_9_stage_5,-0.07151914833231464,-3.585783696363613,-0.029288209639971023
robot_FU_INDE_RE_INDE_status_4_iter_9_stage_6,-0.06045672601731301,-3.927439429249822,-0.04464516847758774
robot_FU_INDE_RE_INDE_status_4_iter_9_stage_7,-0.05340840138440137,-7.152159701045123,-0.07016371447930173
robot_FU_INDE_RE_INDE_status_4_iter_9_stage_8,-0.04253991304976701,-31.832324068230786,-0.09408582568286211
robot_FU_INDE_RE_INDE_status_4_iter_9_stage_10,-0.03808892997463346,-1.4416225291069344,-0.0033792329681800763
robot_FU_INDE_RE_INDE_status_4_iter_9_stage_11,-0.03439469818491064,-3.191686167560047,-0.030272406640336175
robot_FU_INDE_RE_INDE_status_4_iter_9_stage_12,-0.030357140959179643,-6.540716808928664,-0.041602814514878975
robot_FU_INDE_RE_INDE_status_4_iter_9_stage_13,-0.025775956817279223,-16.369833504777894,-0.05063505953137182
robot_FU_INDE_RE_INDE_status_4_iter_9_stage_14,-0.021425045142205768,-41.79233637667127,-0.05982431364079338
robot_FU_INDE_RE_INDE_status_4_iter_9_stage_15,-0.017131997175807608,-95.72997841948822,-0.0939775288629249
robot_FU_INDE_RE_INDE_status_4_iter_9_stage_17,-0.010123573330007067,-5.896626707801811,-0.0015291897480513668
robot_FU_INDE_RE_INDE_status_4_iter_9_stage_18,-0.008086651847303922,-37.27664188025617,-0.014936765445754868
robot_FU_INDE_RE_INDE_status_4_iter_9_stage_19,-0.0056350808319915666,-345.19585032952114,-0.01913579517608125
robot_FU_INDE_RE_INDE_status_4_iter_9_stage_27,0.0012355536112143364,-10.739915553732619,-0.002992764436552879
