QP_name,Regularization,Iteration,Cost,Decomp_Flop,Status
acrobot_FU_INDE_RE_INDE_status_4_iter_1,NO_REGULARIZE,1,1294.9982708203856,4,1
acrobot_FU_INDE_RE_INDE_status_4_iter_1,M_PROJECT,1,nan,422,3
acrobot_FU_INDE_RE_INDE_status_4_iter_1,M_MIRROR,36,-23893.118658749965,10320,0
acrobot_FU_INDE_RE_INDE_status_4_iter_1,M_GMW,36,-23893.118658749965,1410,0
acrobot_FU_INDE_RE_INDE_status_4_iter_1,PM_PROJECT,120,-11389.014104240721,2012464.0,2
acrobot_FU_INDE_RE_INDE_status_4_iter_1,PM_MIRROR,56,-23893.118658751602,282640.0,0
acrobot_FU_INDE_RE_INDE_status_4_iter_1,PM_GMW,99,-23893.118658747633,23900.0,0
acrobot_FU_INDE_RE_INDE_status_4_iter_10,NO_REGULARIZE,1,1.1059790261460065,4,1
acrobot_FU_INDE_RE_INDE_status_4_iter_10,M_PROJECT,1,nan,366,3
acrobot_FU_INDE_RE_INDE_status_4_iter_10,M_MIRROR,120,-156631.1279498569,59768,2
acrobot_FU_INDE_RE_INDE_status_4_iter_10,M_GMW,120,-156631.1279498569,5606,2
acrobot_FU_INDE_RE_INDE_status_4_iter_10,PM_PROJECT,120,-2201.2921392313215,1742040.0,2
acrobot_FU_INDE_RE_INDE_status_4_iter_10,PM_MIRROR,120,-201814.60905508694,425040.0,2
acrobot_FU_INDE_RE_INDE_status_4_iter_10,PM_GMW,120,-47610.49071001138,41560.0,2
acrobot_FU_INDE_RE_INDE_status_4_iter_11,NO_REGULARIZE,1,0.018242076060500004,5,1
acrobot_FU_INDE_RE_INDE_status_4_iter_11,M_PROJECT,1,nan,366,3
acrobot_FU_INDE_RE_INDE_status_4_iter_11,M_MIRROR,120,-9979.958577521924,74216,2
acrobot_FU_INDE_RE_INDE_status_4_iter_11,M_GMW,120,-9979.958577521924,6122,2
acrobot_FU_INDE_RE_INDE_status_4_iter_11,PM_PROJECT,120,-153.56933981693516,2440928.0,2
acrobot_FU_INDE_RE_INDE_status_4_iter_11,PM_MIRROR,103,-126119.1108494649,940794.0,0
acrobot_FU_INDE_RE_INDE_status_4_iter_11,PM_GMW,120,-69276.09224093781,37660.0,2
acrobot_FU_INDE_RE_INDE_status_4_iter_12,NO_REGULARIZE,1,-0.016765591095984432,8,1
acrobot_FU_INDE_RE_INDE_status_4_iter_12,M_PROJECT,1,nan,422,3
acrobot_FU_INDE_RE_INDE_status_4_iter_12,M_MIRROR,30,-127.1348147820836,2524,0
acrobot_FU_INDE_RE_INDE_status_4_iter_12,M_GMW,30,-127.1348147820836,958,0
acrobot_FU_INDE_RE_INDE_status_4_iter_12,PM_PROJECT,27,-205.8690396329209,57002.0,0
acrobot_FU_INDE_RE_INDE_status_4_iter_12,PM_MIRROR,34,-205.86903963292116,113404.0,0
acrobot_FU_INDE_RE_INDE_status_4_iter_12,PM_GMW,52,-205.8690396329208,7150.0,0
acrobot_FU_INDE_RE_INDE_status_4_iter_15,NO_REGULARIZE,4,-7.070923426214654,105,1
acrobot_FU_INDE_RE_INDE_status_4_iter_15,M_PROJECT,12,-1.9836770180703927,416,0
acrobot_FU_INDE_RE_INDE_status_4_iter_15,M_MIRROR,16,-1.9836770180745256,816,0
acrobot_FU_INDE_RE_INDE_status_4_iter_15,M_GMW,16,-1.9836770180745256,492,0
acrobot_FU_INDE_RE_INDE_status_4_iter_15,PM_PROJECT,120,-1.8935240501848674,551472.0,2
acrobot_FU_INDE_RE_INDE_status_4_iter_15,PM_MIRROR,48,-1.9836770180745074,96264.0,0
acrobot_FU_INDE_RE_INDE_status_4_iter_15,PM_GMW,120,-0.07149155582526075,18810.0,2
acrobot_FU_INDE_RE_INDE_status_4_iter_3,NO_REGULARIZE,1,-0.01588598763475188,8,1
acrobot_FU_INDE_RE_INDE_status_4_iter_3,M_PROJECT,1,nan,366,3
acrobot_FU_INDE_RE_INDE_status_4_iter_3,M_MIRROR,31,-76588.29320406739,6922,0
acrobot_FU_INDE_RE_INDE_status_4_iter_3,M_GMW,31,-76588.29320406739,1144,0
acrobot_FU_INDE_RE_INDE_status_4_iter_3,PM_PROJECT,63,-76588.29320406739,929058.0,0
acrobot_FU_INDE_RE_INDE_status_4_iter_3,PM_MIRROR,72,-76588.29320406736,441160.0,0
acrobot_FU_INDE_RE_INDE_status_4_iter_3,PM_GMW,120,-1548.0206698409831,48450.0,2
acrobot_FU_INDE_RE_INDE_status_4_iter_4,NO_REGULARIZE,1,0.22269107746646366,4,1
acrobot_FU_INDE_RE_INDE_status_4_iter_4,M_PROJECT,1,nan,366,3
acrobot_FU_INDE_RE_INDE_status_4_iter_4,M_MIRROR,120,-78.96537900886736,86256,2
acrobot_FU_INDE_RE_INDE_status_4_iter_4,M_GMW,120,-78.96537900886736,6552,2
acrobot_FU_INDE_RE_INDE_status_4_iter_4,PM_PROJECT,120,-37.61365131246859,1194168.0,2
acrobot_FU_INDE_RE_INDE_status_4_iter_4,PM_MIRROR,87,-91887.2520285869,367858.0,0
acrobot_FU_INDE_RE_INDE_status_4_iter_4,PM_GMW,52,-91887.25202787065,7410.0,0
acrobot_FU_INDE_RE_INDE_status_4_iter_41,NO_REGULARIZE,11,-2.2353378822095482e-05,330,0
acrobot_FU_INDE_RE_INDE_status_4_iter_41,M_PROJECT,11,-2.2353378822095482e-05,330,0
acrobot_FU_INDE_RE_INDE_status_4_iter_41,M_MIRROR,11,-2.2353378822095482e-05,330,0
acrobot_FU_INDE_RE_INDE_status_4_iter_41,M_GMW,11,-2.2353378822095482e-05,330,0
acrobot_FU_INDE_RE_INDE_status_4_iter_41,PM_PROJECT,11,-2.2353378822095482e-05,330,0
acrobot_FU_INDE_RE_INDE_status_4_iter_41,PM_MIRROR,11,-2.2353378822095482e-05,330,0
acrobot_FU_INDE_RE_INDE_status_4_iter_41,PM_GMW,11,-2.2353378822095482e-05,330,0
acrobot_FU_INDE_RE_INDE_status_4_iter_45,NO_REGULARIZE,2,-105.20608155595163,45,1
acrobot_FU_INDE_RE_INDE_status_4_iter_45,M_PROJECT,10,-39.569967365254755,356,0
acrobot_FU_INDE_RE_INDE_status_4_iter_45,M_MIRROR,9,-39.569967176340704,382,0
acrobot_FU_INDE_RE_INDE_status_4_iter_45,M_GMW,9,-39.569967176340704,274,0
acrobot_FU_INDE_RE_INDE_status_4_iter_45,PM_PROJECT,10,-39.56996742184341,17860.0,0
acrobot_FU_INDE_RE_INDE_status_4_iter_45,PM_MIRROR,13,-39.569967365253014,31998.0,0
acrobot_FU_INDE_RE_INDE_status_4_iter_45,PM_GMW,35,-39.569967365255025,4300.0,0
acrobot_FU_INDE_RE_INDE_status_4_iter_47,NO_REGULARIZE,11,-0.0015494665437017915,330,0
acrobot_FU_INDE_RE_INDE_status_4_iter_47,M_PROJECT,11,-0.0015494665437017915,330,0
acrobot_FU_INDE_RE_INDE_status_4_iter_47,M_MIRROR,11,-0.0015494665437017915,330,0
acrobot_FU_INDE_RE_INDE_status_4_iter_47,M_GMW,11,-0.0015494665437017915,330,0
acrobot_FU_INDE_RE_INDE_status_4_iter_47,PM_PROJECT,11,-0.0015494665437017915,330,0
acrobot_FU_INDE_RE_INDE_status_4_iter_47,PM_MIRROR,11,-0.0015494665437017915,330,0
acrobot_FU_INDE_RE_INDE_status_4_iter_47,PM_GMW,11,-0.0015494665437017915,330,0
acrobot_FU_INDE_RE_INDE_status_4_iter_48,NO_REGULARIZE,11,-6.517159140965843e-06,330,0
acrobot_FU_INDE_RE_INDE_status_4_iter_48,M_PROJECT,11,-6.517159140965843e-06,330,0
acrobot_FU_INDE_RE_INDE_status_4_iter_48,M_MIRROR,11,-6.517159140965843e-06,330,0
acrobot_FU_INDE_RE_INDE_status_4_iter_48,M_GMW,11,-6.517159140965843e-06,330,0
acrobot_FU_INDE_RE_INDE_status_4_iter_48,PM_PROJECT,11,-6.517159140965843e-06,330,0
acrobot_FU_INDE_RE_INDE_status_4_iter_48,PM_MIRROR,11,-6.517159140965843e-06,330,0
acrobot_FU_INDE_RE_INDE_status_4_iter_48,PM_GMW,11,-6.517159140965843e-06,330,0
acrobot_FU_INDE_RE_INDE_status_4_iter_5,NO_REGULARIZE,1,5.8118955997894926,3,1
acrobot_FU_INDE_RE_INDE_status_4_iter_5,M_PROJECT,1,nan,366,3
acrobot_FU_INDE_RE_INDE_status_4_iter_5,M_MIRROR,120,-9301.061852704677,80096,2
acrobot_FU_INDE_RE_INDE_status_4_iter_5,M_GMW,120,-9301.061852704677,6332,2
acrobot_FU_INDE_RE_INDE_status_4_iter_5,PM_PROJECT,120,1015659.2227051655,298608.0,2
acrobot_FU_INDE_RE_INDE_status_4_iter_5,PM_MIRROR,120,1015659.2227051664,572544.0,2
acrobot_FU_INDE_RE_INDE_status_4_iter_5,PM_GMW,120,1015659.2227051646,11270.0,2
acrobot_FU_INDE_RE_INDE_status_4_iter_53,NO_REGULARIZE,11,-0.0004814246205747731,330,0
acrobot_FU_INDE_RE_INDE_status_4_iter_53,M_PROJECT,11,-0.0004814246205747731,330,0
acrobot_FU_INDE_RE_INDE_status_4_iter_53,M_MIRROR,11,-0.0004814246205747731,330,0
acrobot_FU_INDE_RE_INDE_status_4_iter_53,M_GMW,11,-0.0004814246205747731,330,0
acrobot_FU_INDE_RE_INDE_status_4_iter_53,PM_PROJECT,11,-0.0004814246205747731,330,0
acrobot_FU_INDE_RE_INDE_status_4_iter_53,PM_MIRROR,11,-0.0004814246205747731,330,0
acrobot_FU_INDE_RE_INDE_status_4_iter_53,PM_GMW,11,-0.0004814246205747731,330,0
acrobot_FU_INDE_RE_INDE_status_4_iter_7,NO_REGULARIZE,1,-2.5720637633152768,4,1
acrobot_FU_INDE_RE_INDE_status_4_iter_7,M_PROJECT,1,nan,366,3
acrobot_FU_INDE_RE_INDE_status_4_iter_7,M_MIRROR,120,210865.95670274377,9088,2
acrobot_FU_INDE_RE_INDE_status_4_iter_7,M_GMW,120,210865.95670274377,3796,2
acrobot_FU_INDE_RE_INDE_status_4_iter_7,PM_PROJECT,120,-59596.70421866855,1197680.0,2
acrobot_FU_INDE_RE_INDE_status_4_iter_7,PM_MIRROR,120,210865.95670274383,456648.0,2
acrobot_FU_INDE_RE_INDE_status_4_iter_7,PM_GMW,120,210865.9567027439,18550.0,2
acrobot_FU_INDE_RE_INDE_status_4_iter_8,NO_REGULARIZE,1,3.8185685821662214,2,1
acrobot_FU_INDE_RE_INDE_status_4_iter_8,M_PROJECT,1,nan,366,3
acrobot_FU_INDE_RE_INDE_status_4_iter_8,M_MIRROR,120,-1497712.051150772,32720,2
acrobot_FU_INDE_RE_INDE_status_4_iter_8,M_GMW,120,-1497712.051150772,4640,2
acrobot_FU_INDE_RE_INDE_status_4_iter_8,PM_PROJECT,120,-63825.520395467356,2254792.0,2
acrobot_FU_INDE_RE_INDE_status_4_iter_8,PM_MIRROR,120,-5088541.068933481,920232.0,2
acrobot_FU_INDE_RE_INDE_status_4_iter_8,PM_GMW,120,-119040.42635279936,57290.0,2
dubins_car_parallel_parking_FU_INDE_RE_INDE_status_4_iter_1,NO_REGULARIZE,4,7.223555880882449,164,1
dubins_car_parallel_parking_FU_INDE_RE_INDE_status_4_iter_1,M_PROJECT,4,nan,592,3
dubins_car_parallel_parking_FU_INDE_RE_INDE_status_4_iter_1,M_MIRROR,120,-423.98758279572496,130432,2
dubins_car_parallel_parking_FU_INDE_RE_INDE_status_4_iter_1,M_GMW,120,-529.1293523413619,9412,2
dubins_car_parallel_parking_FU_INDE_RE_INDE_status_4_iter_1,PM_PROJECT,120,-440.40401384586954,122027.75,2
dubins_car_parallel_parking_FU_INDE_RE_INDE_status_4_iter_1,PM_MIRROR,106,-660.809095624306,32698.75,0
dubins_car_parallel_parking_FU_INDE_RE_INDE_status_4_iter_1,PM_GMW,76,-660.8090956243036,4605.0,0
dubins_car_parallel_parking_FU_INDE_RE_INDE_status_4_iter_10,NO_REGULARIZE,9,-0.05162454853798725,422,1
dubins_car_parallel_parking_FU_INDE_RE_INDE_status_4_iter_10,M_PROJECT,13,nan,1602,3
dubins_car_parallel_parking_FU_INDE_RE_INDE_status_4_iter_10,M_MIRROR,26,-0.9084204724293166,1972,0
dubins_car_parallel_parking_FU_INDE_RE_INDE_status_4_iter_10,M_GMW,120,-0.6041531790236969,7990,2
dubins_car_parallel_parking_FU_INDE_RE_INDE_status_4_iter_10,PM_PROJECT,23,-0.9084202308800043,2579.5,0
dubins_car_parallel_parking_FU_INDE_RE_INDE_status_4_iter_10,PM_MIRROR,25,-0.9084205010983923,3394.25,0
dubins_car_parallel_parking_FU_INDE_RE_INDE_status_4_iter_10,PM_GMW,25,-1.1355504275672106,1311.25,0
dubins_car_parallel_parking_FU_INDE_RE_INDE_status_4_iter_11,NO_REGULARIZE,8,0.9756310143068111,366,1
dubins_car_parallel_parking_FU_INDE_RE_INDE_status_4_iter_11,M_PROJECT,8,0.9756310143068111,539,1
dubins_car_parallel_parking_FU_INDE_RE_INDE_status_4_iter_11,M_MIRROR,23,-0.7406453701939931,2606,0
dubins_car_parallel_parking_FU_INDE_RE_INDE_status_4_iter_11,M_GMW,23,-0.7406453710432448,1204,0
dubins_car_parallel_parking_FU_INDE_RE_INDE_status_4_iter_11,PM_PROJECT,22,-0.7406453713095775,1814.75,0
dubins_car_parallel_parking_FU_INDE_RE_INDE_status_4_iter_11,PM_MIRROR,21,-0.74064537029876,1526.5,0
dubins_car_parallel_parking_FU_INDE_RE_INDE_status_4_iter_11,PM_GMW,22,-0.7406453708291653,1135.0,0
dubins_car_parallel_parking_FU_INDE_RE_INDE_status_4_iter_12,NO_REGULARIZE,18,-0.11575298761041322,900,0
dubins_car_parallel_parking_FU_INDE_RE_INDE_status_4_iter_12,M_PROJECT,18,-0.11575298761041322,900,0
dubins_car_parallel_parking_FU_INDE_RE_INDE_status_4_iter_12,M_MIRROR,18,-0.11575298761041322,900,0
dubins_car_parallel_parking_FU_INDE_RE_INDE_status_4_iter_12,M_GMW,18,-0.11575298761041322,900,0
dubins_car_parallel_parking_FU_INDE_RE_INDE_status_4_iter_12,PM_PROJECT,18,-0.11575298761041322,900,0
dubins_car_parallel_parking_FU_INDE_RE_INDE_status_4_iter_12,PM_MIRROR,18,-0.11575298761041322,900,0
dubins_car_parallel_parking_FU_INDE_RE_INDE_status_4_iter_12,PM_GMW,18,-0.11575298761041322,900,0
dubins_car_parallel_parking_FU_INDE_RE_INDE_status_4_iter_13,NO_REGULARIZE,19,-0.10533785878949967,950,0
dubins_car_parallel_parking_FU_INDE_RE_INDE_status_4_iter_13,M_PROJECT,19,-0.10533785878949967,950,0
dubins_car_parallel_parking_FU_INDE_RE_INDE_status_4_iter_13,M_MIRROR,19,-0.10533785878949967,950,0
dubins_car_parallel_parking_FU_INDE_RE_INDE_status_4_iter_13,M_GMW,19,-0.10533785878949967,950,0
dubins_car_parallel_parking_FU_INDE_RE_INDE_status_4_iter_13,PM_PROJECT,19,-0.10533785878949967,950,0
dubins_car_parallel_parking_FU_INDE_RE_INDE_status_4_iter_13,PM_MIRROR,19,-0.10533785878949967,950,0
dubins_car_parallel_parking_FU_INDE_RE_INDE_status_4_iter_13,PM_GMW,19,-0.10533785878949967,950,0
dubins_car_parallel_parking_FU_INDE_RE_INDE_status_4_iter_14,NO_REGULARIZE,18,-0.09294112208648497,900,0
dubins_car_parallel_parking_FU_INDE_RE_INDE_status_4_iter_14,M_PROJECT,18,-0.09294112208648497,900,0
dubins_car_parallel_parking_FU_INDE_RE_INDE_status_4_iter_14,M_MIRROR,18,-0.09294112208648497,900,0
dubins_car_parallel_parking_FU_INDE_RE_INDE_status_4_iter_14,M_GMW,18,-0.09294112208648497,900,0
dubins_car_parallel_parking_FU_INDE_RE_INDE_status_4_iter_14,PM_PROJECT,18,-0.09294112208648497,900,0
dubins_car_parallel_parking_FU_INDE_RE_INDE_status_4_iter_14,PM_MIRROR,18,-0.09294112208648497,900,0
dubins_car_parallel_parking_FU_INDE_RE_INDE_status_4_iter_14,PM_GMW,18,-0.09294112208648497,900,0
dubins_car_parallel_parking_FU_INDE_RE_INDE_status_4_iter_15,NO_REGULARIZE,20,-0.04773553123658439,1000,0
dubins_car_parallel_parking_FU_INDE_RE_INDE_status_4_iter_15,M_PROJECT,20,-0.04773553123658439,1000,0
dubins_car_parallel_parking_FU_INDE_RE_INDE_status_4_iter_15,M_MIRROR,20,-0.04773553123658439,1000,0
dubins_car_parallel_parking_FU_INDE_RE_INDE_status_4_iter_15,M_GMW,20,-0.04773553123658439,1000,0
dubins_car_parallel_parking_FU_INDE_RE_INDE_status_4_iter_15,PM_PROJECT,20,-0.04773553123658439,1000,0
dubins_car_parallel_parking_FU_INDE_RE_INDE_status_4_iter_15,PM_MIRROR,20,-0.04773553123658439,1000,0
dubins_car_parallel_parking_FU_INDE_RE_INDE_status_4_iter_15,PM_GMW,20,-0.04773553123658439,1000,0
dubins_car_parallel_parking_FU_INDE_RE_INDE_status_4_iter_16,NO_REGULARIZE,16,0.006405005386667454,774,1
dubins_car_parallel_parking_FU_INDE_RE_INDE_status_4_iter_16,M_PROJECT,22,-0.004660700187366687,1436,0
dubins_car_parallel_parking_FU_INDE_RE_INDE_status_4_iter_16,M_MIRROR,25,-0.004660795410300731,1474,0
dubins_car_parallel_parking_FU_INDE_RE_INDE_status_4_iter_16,M_GMW,29,-0.00466080697751077,1468,0
dubins_car_parallel_parking_FU_INDE_RE_INDE_status_4_iter_16,PM_PROJECT,28,-0.004660806952597664,3544.25,0
dubins_car_parallel_parking_FU_INDE_RE_INDE_status_4_iter_16,PM_MIRROR,28,-0.004660807152933771,3306.0,0
dubins_car_parallel_parking_FU_INDE_RE_INDE_status_4_iter_16,PM_GMW,31,-0.0046608068823766075,1646.25,0
dubins_car_parallel_parking_FU_INDE_RE_INDE_status_4_iter_2,NO_REGULARIZE,8,9.806169693926401,375,1
dubins_car_parallel_parking_FU_INDE_RE_INDE_status_4_iter_2,M_PROJECT,20,7.836517355345693,1056,0
dubins_car_parallel_parking_FU_INDE_RE_INDE_status_4_iter_2,M_MIRROR,18,7.836517300663695,956,0
dubins_car_parallel_parking_FU_INDE_RE_INDE_status_4_iter_2,M_GMW,20,7.836517284237617,1002,0
dubins_car_parallel_parking_FU_INDE_RE_INDE_status_4_iter_2,PM_PROJECT,21,7.8365172382762145,1764.75,0
dubins_car_parallel_parking_FU_INDE_RE_INDE_status_4_iter_2,PM_MIRROR,19,7.83651770258755,1188.25,0
dubins_car_parallel_parking_FU_INDE_RE_INDE_status_4_iter_2,PM_GMW,20,7.836517755871128,1017.5,0
dubins_car_parallel_parking_FU_INDE_RE_INDE_status_4_iter_22,NO_REGULARIZE,19,-0.0008837923039147279,950,0
dubins_car_parallel_parking_FU_INDE_RE_INDE_status_4_iter_22,M_PROJECT,19,-0.0008837923039147279,950,0
dubins_car_parallel_parking_FU_INDE_RE_INDE_status_4_iter_22,M_MIRROR,19,-0.0008837923039147279,950,0
dubins_car_parallel_parking_FU_INDE_RE_INDE_status_4_iter_22,M_GMW,19,-0.0008837923039147279,950,0
dubins_car_parallel_parking_FU_INDE_RE_INDE_status_4_iter_22,PM_PROJECT,19,-0.0008837923039147279,950,0
dubins_car_parallel_parking_FU_INDE_RE_INDE_status_4_iter_22,PM_MIRROR,19,-0.0008837923039147279,950,0
dubins_car_parallel_parking_FU_INDE_RE_INDE_status_4_iter_22,PM_GMW,19,-0.0008837923039147279,950,0
dubins_car_parallel_parking_FU_INDE_RE_INDE_status_4_iter_26,NO_REGULARIZE,15,0.00523801028839267,722,1
dubins_car_parallel_parking_FU_INDE_RE_INDE_status_4_iter_26,M_PROJECT,25,-0.008196544708919099,1810,0
dubins_car_parallel_parking_FU_INDE_RE_INDE_status_4_iter_26,M_MIRROR,25,-0.008196544707008526,1754,0
dubins_car_parallel_parking_FU_INDE_RE_INDE_status_4_iter_26,M_GMW,23,-0.008196525383382003,1164,0
dubins_car_parallel_parking_FU_INDE_RE_INDE_status_4_iter_26,PM_PROJECT,24,-0.00819654380650265,2391.25,0
dubins_car_parallel_parking_FU_INDE_RE_INDE_status_4_iter_26,PM_MIRROR,31,-0.008196544700901011,3932.5,0
dubins_car_parallel_parking_FU_INDE_RE_INDE_status_4_iter_26,PM_GMW,33,-0.008196543815718205,1772.5,0
dubins_car_parallel_parking_FU_INDE_RE_INDE_status_4_iter_28,NO_REGULARIZE,15,0.005439133960572156,722,1
dubins_car_parallel_parking_FU_INDE_RE_INDE_status_4_iter_28,M_PROJECT,120,0.005327066139732108,29632,2
dubins_car_parallel_parking_FU_INDE_RE_INDE_status_4_iter_28,M_MIRROR,32,-0.018224246196069688,3112,0
dubins_car_parallel_parking_FU_INDE_RE_INDE_status_4_iter_28,M_GMW,31,-0.018224245872489313,1600,0
dubins_car_parallel_parking_FU_INDE_RE_INDE_status_4_iter_28,PM_PROJECT,29,-0.018224201135635925,4547.25,0
dubins_car_parallel_parking_FU_INDE_RE_INDE_status_4_iter_28,PM_MIRROR,27,-0.01822419346410516,3970.75,0
dubins_car_parallel_parking_FU_INDE_RE_INDE_status_4_iter_28,PM_GMW,26,-0.018224243414764047,1387.5,0
dubins_car_parallel_parking_FU_INDE_RE_INDE_status_4_iter_29,NO_REGULARIZE,19,-0.0008649905678073179,950,0
dubins_car_parallel_parking_FU_INDE_RE_INDE_status_4_iter_29,M_PROJECT,19,-0.0008649905678073179,950,0
dubins_car_parallel_parking_FU_INDE_RE_INDE_status_4_iter_29,M_MIRROR,19,-0.0008649905678073179,950,0
dubins_car_parallel_parking_FU_INDE_RE_INDE_status_4_iter_29,M_GMW,19,-0.0008649905678073179,950,0
dubins_car_parallel_parking_FU_INDE_RE_INDE_status_4_iter_29,PM_PROJECT,19,-0.0008649905678073179,950,0
dubins_car_parallel_parking_FU_INDE_RE_INDE_status_4_iter_29,PM_MIRROR,19,-0.0008649905678073179,950,0
dubins_car_parallel_parking_FU_INDE_RE_INDE_status_4_iter_29,PM_GMW,19,-0.0008649905678073179,950,0
dubins_car_parallel_parking_FU_INDE_RE_INDE_status_4_iter_3,NO_REGULARIZE,8,14.189033598356962,374,1
dubins_car_parallel_parking_FU_INDE_RE_INDE_status_4_iter_3,M_PROJECT,24,12.082173016494236,1592,0
dubins_car_parallel_parking_FU_INDE_RE_INDE_status_4_iter_3,M_MIRROR,23,12.082173525363803,1598,0
dubins_car_parallel_parking_FU_INDE_RE_INDE_status_4_iter_3,M_GMW,24,12.082173002189153,1216,0
dubins_car_parallel_parking_FU_INDE_RE_INDE_status_4_iter_3,PM_PROJECT,22,12.082173598064227,2053.0,0
dubins_car_parallel_parking_FU_INDE_RE_INDE_status_4_iter_3,PM_MIRROR,23,12.082173486268452,2579.5,0
dubins_car_parallel_parking_FU_INDE_RE_INDE_status_4_iter_3,PM_GMW,25,12.082173077532609,1302.5,0
dubins_car_parallel_parking_FU_INDE_RE_INDE_status_4_iter_30,NO_REGULARIZE,8,1.0775745881630203,374,1
dubins_car_parallel_parking_FU_INDE_RE_INDE_status_4_iter_30,M_PROJECT,9,1.1200368155015266,673,1
dubins_car_parallel_parking_FU_INDE_RE_INDE_status_4_iter_30,M_MIRROR,113,-0.27840643467902015,60810,0
dubins_car_parallel_parking_FU_INDE_RE_INDE_status_4_iter_30,M_GMW,120,1.1025542208108379,9986,2
dubins_car_parallel_parking_FU_INDE_RE_INDE_status_4_iter_30,PM_PROJECT,27,-0.27840635866381996,3017.75,0
dubins_car_parallel_parking_FU_INDE_RE_INDE_status_4_iter_30,PM_MIRROR,22,-0.2784062524573548,2529.5,0
dubins_car_parallel_parking_FU_INDE_RE_INDE_status_4_iter_30,PM_GMW,24,-0.2784064350944646,1243.75,0
dubins_car_parallel_parking_FU_INDE_RE_INDE_status_4_iter_32,NO_REGULARIZE,11,0.20413555214459717,522,1
dubins_car_parallel_parking_FU_INDE_RE_INDE_status_4_iter_32,M_PROJECT,43,0.19977980251558825,9375,1
dubins_car_parallel_parking_FU_INDE_RE_INDE_status_4_iter_32,M_MIRROR,23,0.0037720237146875637,2214,0
dubins_car_parallel_parking_FU_INDE_RE_INDE_status_4_iter_32,M_GMW,20,0.003772026015019469,1012,0
dubins_car_parallel_parking_FU_INDE_RE_INDE_status_4_iter_32,PM_PROJECT,19,0.003772088039366464,1426.5,0
dubins_car_parallel_parking_FU_INDE_RE_INDE_status_4_iter_32,PM_MIRROR,19,0.003772122288358941,1426.5,0
dubins_car_parallel_parking_FU_INDE_RE_INDE_status_4_iter_32,PM_GMW,19,0.0037721226141075198,967.5,0
dubins_car_parallel_parking_FU_INDE_RE_INDE_status_4_iter_33,NO_REGULARIZE,9,0.8226772121915676,418,1
dubins_car_parallel_parking_FU_INDE_RE_INDE_status_4_iter_33,M_PROJECT,9,0.8226772121915676,591,1
dubins_car_parallel_parking_FU_INDE_RE_INDE_status_4_iter_33,M_MIRROR,120,0.7851945735983912,66816,2
dubins_car_parallel_parking_FU_INDE_RE_INDE_status_4_iter_33,M_GMW,120,0.7397901560768133,8216,2
dubins_car_parallel_parking_FU_INDE_RE_INDE_status_4_iter_33,PM_PROJECT,22,-0.04215525999190111,1576.5,0
dubins_car_parallel_parking_FU_INDE_RE_INDE_status_4_iter_33,PM_MIRROR,21,-0.04215525999048092,1288.25,0
dubins_car_parallel_parking_FU_INDE_RE_INDE_status_4_iter_33,PM_GMW,21,-0.04215525999003109,1058.75,0
dubins_car_parallel_parking_FU_INDE_RE_INDE_status_4_iter_34,NO_REGULARIZE,22,-0.025052669402866965,1100,0
dubins_car_parallel_parking_FU_INDE_RE_INDE_status_4_iter_34,M_PROJECT,22,-0.025052669402866965,1100,0
dubins_car_parallel_parking_FU_INDE_RE_INDE_status_4_iter_34,M_MIRROR,22,-0.025052669402866965,1100,0
dubins_car_parallel_parking_FU_INDE_RE_INDE_status_4_iter_34,M_GMW,22,-0.025052669402866965,1100,0
dubins_car_parallel_parking_FU_INDE_RE_INDE_status_4_iter_34,PM_PROJECT,22,-0.025052669402866965,1100,0
dubins_car_parallel_parking_FU_INDE_RE_INDE_status_4_iter_34,PM_MIRROR,22,-0.025052669402866965,1100,0
dubins_car_parallel_parking_FU_INDE_RE_INDE_status_4_iter_34,PM_GMW,22,-0.025052669402866965,1100,0
dubins_car_parallel_parking_FU_INDE_RE_INDE_status_4_iter_35,NO_REGULARIZE,24,-0.011357596261797892,1200,0
dubins_car_parallel_parking_FU_INDE_RE_INDE_status_4_iter_35,M_PROJECT,24,-0.011357596261797892,1200,0
dubins_car_parallel_parking_FU_INDE_RE_INDE_status_4_iter_35,M_MIRROR,24,-0.011357596261797892,1200,0
dubins_car_parallel_parking_FU_INDE_RE_INDE_status_4_iter_35,M_GMW,24,-0.011357596261797892,1200,0
dubins_car_parallel_parking_FU_INDE_RE_INDE_status_4_iter_35,PM_PROJECT,24,-0.011357596261797892,1200,0
dubins_car_parallel_parking_FU_INDE_RE_INDE_status_4_iter_35,PM_MIRROR,24,-0.011357596261797892,1200,0
dubins_car_parallel_parking_FU_INDE_RE_INDE_status_4_iter_35,PM_GMW,24,-0.011357596261797892,1200,0
dubins_car_parallel_parking_FU_INDE_RE_INDE_status_4_iter_36,NO_REGULARIZE,20,-0.01442906201808849,975,1
dubins_car_parallel_parking_FU_INDE_RE_INDE_status_4_iter_36,M_PROJECT,24,-0.0156290392425233,1256,0
dubins_car_parallel_parking_FU_INDE_RE_INDE_status_4_iter_36,M_MIRROR,24,-0.015629039443803085,1256,0
dubins_car_parallel_parking_FU_INDE_RE_INDE_status_4_iter_36,M_GMW,24,-0.015629039443806374,1202,0
dubins_car_parallel_parking_FU_INDE_RE_INDE_status_4_iter_36,PM_PROJECT,24,-0.01562903950730022,1438.25,0
dubins_car_parallel_parking_FU_INDE_RE_INDE_status_4_iter_36,PM_MIRROR,24,-0.015629039243497404,1438.25,0
dubins_car_parallel_parking_FU_INDE_RE_INDE_status_4_iter_36,PM_GMW,24,-0.01562903948909277,1208.75,0
dubins_car_parallel_parking_FU_INDE_RE_INDE_status_4_iter_38,NO_REGULARIZE,20,-0.009314695090513697,975,1
dubins_car_parallel_parking_FU_INDE_RE_INDE_status_4_iter_38,M_PROJECT,24,-0.010406006297057473,1256,0
dubins_car_parallel_parking_FU_INDE_RE_INDE_status_4_iter_38,M_MIRROR,24,-0.010406006377410591,1256,0
dubins_car_parallel_parking_FU_INDE_RE_INDE_status_4_iter_38,M_GMW,24,-0.01040600637741046,1202,0
dubins_car_parallel_parking_FU_INDE_RE_INDE_status_4_iter_38,PM_PROJECT,24,-0.010406006398140167,1438.25,0
dubins_car_parallel_parking_FU_INDE_RE_INDE_status_4_iter_38,PM_MIRROR,24,-0.01040600635052251,1438.25,0
dubins_car_parallel_parking_FU_INDE_RE_INDE_status_4_iter_38,PM_GMW,24,-0.010406006387583116,1208.75,0
dubins_car_parallel_parking_FU_INDE_RE_INDE_status_4_iter_39,NO_REGULARIZE,22,6.425888837199194e-05,1100,0
dubins_car_parallel_parking_FU_INDE_RE_INDE_status_4_iter_39,M_PROJECT,22,6.425888837199194e-05,1100,0
dubins_car_parallel_parking_FU_INDE_RE_INDE_status_4_iter_39,M_MIRROR,22,6.425888837199194e-05,1100,0
dubins_car_parallel_parking_FU_INDE_RE_INDE_status_4_iter_39,M_GMW,22,6.425888837199194e-05,1100,0
dubins_car_parallel_parking_FU_INDE_RE_INDE_status_4_iter_39,PM_PROJECT,22,6.425888837199194e-05,1100,0
dubins_car_parallel_parking_FU_INDE_RE_INDE_status_4_iter_39,PM_MIRROR,22,6.425888837199194e-05,1100,0
dubins_car_parallel_parking_FU_INDE_RE_INDE_status_4_iter_39,PM_GMW,22,6.425888837199194e-05,1100,0
dubins_car_parallel_parking_FU_INDE_RE_INDE_status_4_iter_40,NO_REGULARIZE,22,3.1866560841753975e-05,1100,0
dubins_car_parallel_parking_FU_INDE_RE_INDE_status_4_iter_40,M_PROJECT,22,3.1866560841753975e-05,1100,0
dubins_car_parallel_parking_FU_INDE_RE_INDE_status_4_iter_40,M_MIRROR,22,3.1866560841753975e-05,1100,0
dubins_car_parallel_parking_FU_INDE_RE_INDE_status_4_iter_40,M_GMW,22,3.1866560841753975e-05,1100,0
dubins_car_parallel_parking_FU_INDE_RE_INDE_status_4_iter_40,PM_PROJECT,22,3.1866560841753975e-05,1100,0
dubins_car_parallel_parking_FU_INDE_RE_INDE_status_4_iter_40,PM_MIRROR,22,3.1866560841753975e-05,1100,0
dubins_car_parallel_parking_FU_INDE_RE_INDE_status_4_iter_40,PM_GMW,22,3.1866560841753975e-05,1100,0
dubins_car_parallel_parking_FU_INDE_RE_INDE_status_4_iter_41,NO_REGULARIZE,22,3.265576656302154e-05,1100,0
dubins_car_parallel_parking_FU_INDE_RE_INDE_status_4_iter_41,M_PROJECT,22,3.265576656302154e-05,1100,0
dubins_car_parallel_parking_FU_INDE_RE_INDE_status_4_iter_41,M_MIRROR,22,3.265576656302154e-05,1100,0
dubins_car_parallel_parking_FU_INDE_RE_INDE_status_4_iter_41,M_GMW,22,3.265576656302154e-05,1100,0
dubins_car_parallel_parking_FU_INDE_RE_INDE_status_4_iter_41,PM_PROJECT,22,3.265576656302154e-05,1100,0
dubins_car_parallel_parking_FU_INDE_RE_INDE_status_4_iter_41,PM_MIRROR,22,3.265576656302154e-05,1100,0
dubins_car_parallel_parking_FU_INDE_RE_INDE_status_4_iter_41,PM_GMW,22,3.265576656302154e-05,1100,0
dubins_car_parallel_parking_FU_INDE_RE_INDE_status_4_iter_42,NO_REGULARIZE,22,3.268692925286045e-05,1100,0
dubins_car_parallel_parking_FU_INDE_RE_INDE_status_4_iter_42,M_PROJECT,22,3.268692925286045e-05,1100,0
dubins_car_parallel_parking_FU_INDE_RE_INDE_status_4_iter_42,M_MIRROR,22,3.268692925286045e-05,1100,0
dubins_car_parallel_parking_FU_INDE_RE_INDE_status_4_iter_42,M_GMW,22,3.268692925286045e-05,1100,0
dubins_car_parallel_parking_FU_INDE_RE_INDE_status_4_iter_42,PM_PROJECT,22,3.268692925286045e-05,1100,0
dubins_car_parallel_parking_FU_INDE_RE_INDE_status_4_iter_42,PM_MIRROR,22,3.268692925286045e-05,1100,0
dubins_car_parallel_parking_FU_INDE_RE_INDE_status_4_iter_42,PM_GMW,22,3.268692925286045e-05,1100,0
dubins_car_parallel_parking_FU_INDE_RE_INDE_status_4_iter_6,NO_REGULARIZE,1,-0.7468232934473742,19,1
dubins_car_parallel_parking_FU_INDE_RE_INDE_status_4_iter_6,M_PROJECT,1,nan,386,3
dubins_car_parallel_parking_FU_INDE_RE_INDE_status_4_iter_6,M_MIRROR,120,-3.2674560217913204,156080,2
dubins_car_parallel_parking_FU_INDE_RE_INDE_status_4_iter_6,M_GMW,120,-8.686142381978557,10940,2
dubins_car_parallel_parking_FU_INDE_RE_INDE_status_4_iter_6,PM_PROJECT,27,-254.14713126875174,3732.5,0
dubins_car_parallel_parking_FU_INDE_RE_INDE_status_4_iter_6,PM_MIRROR,87,-254.14713133432005,57718.0,0
dubins_car_parallel_parking_FU_INDE_RE_INDE_status_4_iter_6,PM_GMW,84,-254.14713133404612,5696.25,0
dubins_car_parallel_parking_FU_INDE_RE_INDE_status_4_iter_7,NO_REGULARIZE,13,-0.5978012819313148,619,1
dubins_car_parallel_parking_FU_INDE_RE_INDE_status_4_iter_7,M_PROJECT,20,-0.6404147837507654,1728,0
dubins_car_parallel_parking_FU_INDE_RE_INDE_status_4_iter_7,M_MIRROR,20,-0.6404147843721072,1672,0
dubins_car_parallel_parking_FU_INDE_RE_INDE_status_4_iter_7,M_GMW,20,-0.6404147843713341,1024,0
dubins_car_parallel_parking_FU_INDE_RE_INDE_status_4_iter_7,PM_PROJECT,19,-0.6404147674788663,1426.5,0
dubins_car_parallel_parking_FU_INDE_RE_INDE_status_4_iter_7,PM_MIRROR,20,-0.6404147670666942,1476.5,0
dubins_car_parallel_parking_FU_INDE_RE_INDE_status_4_iter_7,PM_GMW,20,-0.6404147755932199,1017.5,0
dubins_car_parallel_parking_FU_INDE_RE_INDE_status_4_iter_8,NO_REGULARIZE,9,0.3181658738628013,417,1
dubins_car_parallel_parking_FU_INDE_RE_INDE_status_4_iter_8,M_PROJECT,9,0.3181658738628013,590,1
dubins_car_parallel_parking_FU_INDE_RE_INDE_status_4_iter_8,M_MIRROR,83,-0.5913707699836679,28174,0
dubins_car_parallel_parking_FU_INDE_RE_INDE_status_4_iter_8,M_GMW,120,0.31806491810032206,7766,2
dubins_car_parallel_parking_FU_INDE_RE_INDE_status_4_iter_8,PM_PROJECT,24,-0.5913707699568406,4297.25,0
dubins_car_parallel_parking_FU_INDE_RE_INDE_status_4_iter_8,PM_MIRROR,26,-0.5913707700836589,4397.25,0
dubins_car_parallel_parking_FU_INDE_RE_INDE_status_4_iter_8,PM_GMW,21,-0.5913707696243437,1093.75,0
dubins_car_parallel_parking_FU_INDE_RE_INDE_status_4_iter_9,NO_REGULARIZE,10,0.8532037076811332,467,1
dubins_car_parallel_parking_FU_INDE_RE_INDE_status_4_iter_9,M_PROJECT,10,0.8532037076811332,640,1
dubins_car_parallel_parking_FU_INDE_RE_INDE_status_4_iter_9,M_MIRROR,34,-0.37421004983323514,5340,0
dubins_car_parallel_parking_FU_INDE_RE_INDE_status_4_iter_9,M_GMW,120,0.8554575042626317,10004,2
dubins_car_parallel_parking_FU_INDE_RE_INDE_status_4_iter_9,PM_PROJECT,28,-0.3742099631537853,2829.5,0
dubins_car_parallel_parking_FU_INDE_RE_INDE_status_4_iter_9,PM_MIRROR,29,-0.374210078135328,3117.75,0
dubins_car_parallel_parking_FU_INDE_RE_INDE_status_4_iter_9,PM_GMW,30,-0.37421009816463624,1552.5,0
free_flying_robot_FU_INDE_RE_INDE_status_4_iter_12,NO_REGULARIZE,2,-2.838490110515908,140,1
free_flying_robot_FU_INDE_RE_INDE_status_4_iter_12,M_PROJECT,2,-2.838490110515908,255,1
free_flying_robot_FU_INDE_RE_INDE_status_4_iter_12,M_MIRROR,62,-15216.037725590182,25296,0
free_flying_robot_FU_INDE_RE_INDE_status_4_iter_12,M_GMW,111,-15216.037725674712,12362,0
free_flying_robot_FU_INDE_RE_INDE_status_4_iter_12,PM_PROJECT,49,-9925.221847524783,12762.25,0
free_flying_robot_FU_INDE_RE_INDE_status_4_iter_12,PM_MIRROR,48,-9925.22184780687,12662.25,0
free_flying_robot_FU_INDE_RE_INDE_status_4_iter_12,PM_GMW,49,-9925.221848328541,5180.0,0
free_flying_robot_FU_INDE_RE_INDE_status_4_iter_13,NO_REGULARIZE,2,-9.875455030679758,144,1
free_flying_robot_FU_INDE_RE_INDE_status_4_iter_13,M_PROJECT,2,-9.875455030679758,288,1
free_flying_robot_FU_INDE_RE_INDE_status_4_iter_13,M_MIRROR,35,-6919.691177367847,10332,0
free_flying_robot_FU_INDE_RE_INDE_status_4_iter_13,M_GMW,35,-6919.691177377562,3748,0
free_flying_robot_FU_INDE_RE_INDE_status_4_iter_13,PM_PROJECT,33,-6919.691177356696,6159.0,0
free_flying_robot_FU_INDE_RE_INDE_status_4_iter_13,PM_MIRROR,32,-6919.6911762839945,6773.75,0
free_flying_robot_FU_INDE_RE_INDE_status_4_iter_13,PM_GMW,33,-6919.691177441819,3422.5,0
free_flying_robot_FU_INDE_RE_INDE_status_4_iter_14,NO_REGULARIZE,2,1.2439095442558377,142,1
free_flying_robot_FU_INDE_RE_INDE_status_4_iter_14,M_PROJECT,2,1.2439095442558377,257,1
free_flying_robot_FU_INDE_RE_INDE_status_4_iter_14,M_MIRROR,49,-8644.164683452247,16772,0
free_flying_robot_FU_INDE_RE_INDE_status_4_iter_14,M_GMW,50,-8644.164683877854,5424,0
free_flying_robot_FU_INDE_RE_INDE_status_4_iter_14,PM_PROJECT,48,-8644.164683952049,9803.25,0
free_flying_robot_FU_INDE_RE_INDE_status_4_iter_14,PM_MIRROR,106,-5617.470098259698,32280.75,0
free_flying_robot_FU_INDE_RE_INDE_status_4_iter_14,PM_GMW,49,-8644.164683930425,5092.5,0
free_flying_robot_FU_INDE_RE_INDE_status_4_iter_15,NO_REGULARIZE,2,10.306094062629949,144,1
free_flying_robot_FU_INDE_RE_INDE_status_4_iter_15,M_PROJECT,2,10.306094062629949,259,1
free_flying_robot_FU_INDE_RE_INDE_status_4_iter_15,M_MIRROR,42,-4542.834672185851,12768,0
free_flying_robot_FU_INDE_RE_INDE_status_4_iter_15,M_GMW,42,-4542.834672029581,4492,0
free_flying_robot_FU_INDE_RE_INDE_status_4_iter_15,PM_PROJECT,42,-4542.834671976785,8012.0,0
free_flying_robot_FU_INDE_RE_INDE_status_4_iter_15,PM_MIRROR,41,-3432.895683984107,9818.0,0
free_flying_robot_FU_INDE_RE_INDE_status_4_iter_15,PM_GMW,46,-4542.834671997965,4775.0,0
free_flying_robot_FU_INDE_RE_INDE_status_4_iter_16,NO_REGULARIZE,2,1.111494538476875,146,1
free_flying_robot_FU_INDE_RE_INDE_status_4_iter_16,M_PROJECT,2,1.111494538476875,290,1
free_flying_robot_FU_INDE_RE_INDE_status_4_iter_16,M_MIRROR,51,-11331.216330729207,17924,0
free_flying_robot_FU_INDE_RE_INDE_status_4_iter_16,M_GMW,51,-11331.216329860095,5556,0
free_flying_robot_FU_INDE_RE_INDE_status_4_iter_16,PM_PROJECT,48,-11331.216329584178,10041.5,0
free_flying_robot_FU_INDE_RE_INDE_status_4_iter_16,PM_MIRROR,50,-11331.21632977694,10479.75,0
free_flying_robot_FU_INDE_RE_INDE_status_4_iter_16,PM_GMW,52,-11331.216330828824,5410.0,0
free_flying_robot_FU_INDE_RE_INDE_status_4_iter_17,NO_REGULARIZE,3,-15.373187777532465,237,1
free_flying_robot_FU_INDE_RE_INDE_status_4_iter_17,M_PROJECT,3,-15.373187777532465,410,1
free_flying_robot_FU_INDE_RE_INDE_status_4_iter_17,M_MIRROR,50,-7719.381312021286,17712,0
free_flying_robot_FU_INDE_RE_INDE_status_4_iter_17,M_GMW,50,-7719.381311930672,5424,0
free_flying_robot_FU_INDE_RE_INDE_status_4_iter_17,PM_PROJECT,47,-7719.381311563187,9465.0,0
free_flying_robot_FU_INDE_RE_INDE_status_4_iter_17,PM_MIRROR,49,-7719.38131252172,9903.25,0
free_flying_robot_FU_INDE_RE_INDE_status_4_iter_17,PM_GMW,48,-7719.381311718276,4966.25,0
free_flying_robot_FU_INDE_RE_INDE_status_4_iter_18,NO_REGULARIZE,3,4.675226722046178,236,1
free_flying_robot_FU_INDE_RE_INDE_status_4_iter_18,M_PROJECT,3,4.675226722046178,380,1
free_flying_robot_FU_INDE_RE_INDE_status_4_iter_18,M_MIRROR,57,-5226.737935317312,21772,0
free_flying_robot_FU_INDE_RE_INDE_status_4_iter_18,M_GMW,59,-5226.7379365461875,6512,0
free_flying_robot_FU_INDE_RE_INDE_status_4_iter_18,PM_PROJECT,54,-5226.737936652775,11356.25,0
free_flying_robot_FU_INDE_RE_INDE_status_4_iter_18,PM_MIRROR,55,-5226.737935726199,11456.25,0
free_flying_robot_FU_INDE_RE_INDE_status_4_iter_18,PM_GMW,55,-5226.73793663385,5718.75,0
free_flying_robot_FU_INDE_RE_INDE_status_4_iter_19,NO_REGULARIZE,3,0.6332438874334982,234,1
free_flying_robot_FU_INDE_RE_INDE_status_4_iter_19,M_PROJECT,3,0.6332438874334982,349,1
free_flying_robot_FU_INDE_RE_INDE_status_4_iter_19,M_MIRROR,85,-12092.660162715698,45516,0
free_flying_robot_FU_INDE_RE_INDE_status_4_iter_19,M_GMW,94,-12092.660162814122,10780,0
free_flying_robot_FU_INDE_RE_INDE_status_4_iter_19,PM_PROJECT,76,-12092.660161526548,18797.75,0
free_flying_robot_FU_INDE_RE_INDE_status_4_iter_19,PM_MIRROR,86,-12092.660161383967,21227.25,0
free_flying_robot_FU_INDE_RE_INDE_status_4_iter_19,PM_GMW,96,-12092.660162818198,10142.5,0
free_flying_robot_FU_INDE_RE_INDE_status_4_iter_20,NO_REGULARIZE,3,1.0333462686758157,237,1
free_flying_robot_FU_INDE_RE_INDE_status_4_iter_20,M_PROJECT,3,1.0333462686758157,352,1
free_flying_robot_FU_INDE_RE_INDE_status_4_iter_20,M_MIRROR,74,-10094.033696134833,35344,0
free_flying_robot_FU_INDE_RE_INDE_status_4_iter_20,M_GMW,80,-10094.033696976476,9092,0
free_flying_robot_FU_INDE_RE_INDE_status_4_iter_20,PM_PROJECT,59,-6336.504978684725,16144.75,0
free_flying_robot_FU_INDE_RE_INDE_status_4_iter_20,PM_MIRROR,64,-6336.504979392873,17836.0,0
free_flying_robot_FU_INDE_RE_INDE_status_4_iter_20,PM_GMW,57,-6336.504979669342,6050.0,0
free_flying_robot_FU_INDE_RE_INDE_status_4_iter_21,NO_REGULARIZE,3,-1.9955824141199876,242,1
free_flying_robot_FU_INDE_RE_INDE_status_4_iter_21,M_PROJECT,3,-1.9955824141199876,357,1
free_flying_robot_FU_INDE_RE_INDE_status_4_iter_21,M_MIRROR,48,-6048.097024320051,25520,0
free_flying_robot_FU_INDE_RE_INDE_status_4_iter_21,M_GMW,50,-6048.09702425857,5772,0
free_flying_robot_FU_INDE_RE_INDE_status_4_iter_21,PM_PROJECT,44,-6048.097023811871,11071.0,0
free_flying_robot_FU_INDE_RE_INDE_status_4_iter_21,PM_MIRROR,48,-6048.097023203146,12185.75,0
free_flying_robot_FU_INDE_RE_INDE_status_4_iter_21,PM_GMW,48,-6048.097024417736,5071.25,0
free_flying_robot_FU_INDE_RE_INDE_status_4_iter_22,NO_REGULARIZE,3,-7.500608031438025,243,1
free_flying_robot_FU_INDE_RE_INDE_status_4_iter_22,M_PROJECT,3,-7.500608031438025,358,1
free_flying_robot_FU_INDE_RE_INDE_status_4_iter_22,M_MIRROR,45,-5889.803215644504,22924,0
free_flying_robot_FU_INDE_RE_INDE_status_4_iter_22,M_GMW,46,-5889.803215705237,5270,0
free_flying_robot_FU_INDE_RE_INDE_status_4_iter_22,PM_PROJECT,43,-5889.803215501924,10732.75,0
free_flying_robot_FU_INDE_RE_INDE_status_4_iter_22,PM_MIRROR,44,-5889.803215382429,11071.0,0
free_flying_robot_FU_INDE_RE_INDE_status_4_iter_22,PM_GMW,46,-5889.803215815577,4862.5,0
free_flying_robot_FU_INDE_RE_INDE_status_4_iter_23,NO_REGULARIZE,3,-2.4547724840823917,243,1
free_flying_robot_FU_INDE_RE_INDE_status_4_iter_23,M_PROJECT,3,-2.4547724840823917,387,1
free_flying_robot_FU_INDE_RE_INDE_status_4_iter_23,M_MIRROR,47,-5457.9838353912455,24412,0
free_flying_robot_FU_INDE_RE_INDE_status_4_iter_23,M_GMW,46,-5457.9838354290905,5272,0
free_flying_robot_FU_INDE_RE_INDE_status_4_iter_23,PM_PROJECT,43,-5457.983835450527,10732.75,0
free_flying_robot_FU_INDE_RE_INDE_status_4_iter_23,PM_MIRROR,44,-5457.9838355360225,11309.25,0
free_flying_robot_FU_INDE_RE_INDE_status_4_iter_23,PM_GMW,46,-5457.983835702366,4862.5,0
free_flying_robot_FU_INDE_RE_INDE_status_4_iter_24,NO_REGULARIZE,3,2.0226597719655612,242,1
free_flying_robot_FU_INDE_RE_INDE_status_4_iter_24,M_PROJECT,3,2.0226597719655612,386,1
free_flying_robot_FU_INDE_RE_INDE_status_4_iter_24,M_MIRROR,47,-4627.468666716752,24244,0
free_flying_robot_FU_INDE_RE_INDE_status_4_iter_24,M_GMW,59,-4627.468667115676,6852,0
free_flying_robot_FU_INDE_RE_INDE_status_4_iter_24,PM_PROJECT,42,-4627.468667484709,10632.75,0
free_flying_robot_FU_INDE_RE_INDE_status_4_iter_24,PM_MIRROR,43,-4627.4686666253065,10971.0,0
free_flying_robot_FU_INDE_RE_INDE_status_4_iter_24,PM_GMW,45,-4627.468667442708,4753.75,0
free_flying_robot_FU_INDE_RE_INDE_status_4_iter_25,NO_REGULARIZE,3,4.09546320073579,242,1
free_flying_robot_FU_INDE_RE_INDE_status_4_iter_25,M_PROJECT,3,4.09546320073579,357,1
free_flying_robot_FU_INDE_RE_INDE_status_4_iter_25,M_MIRROR,43,-3445.8596266795616,20820,0
free_flying_robot_FU_INDE_RE_INDE_status_4_iter_25,M_GMW,44,-3445.8596268346055,4992,0
free_flying_robot_FU_INDE_RE_INDE_status_4_iter_25,PM_PROJECT,42,-3445.8596255626785,10394.5,0
free_flying_robot_FU_INDE_RE_INDE_status_4_iter_25,PM_MIRROR,41,-3445.8596260497256,9818.0,0
free_flying_robot_FU_INDE_RE_INDE_status_4_iter_25,PM_GMW,43,-3445.8596267387593,4527.5,0
free_flying_robot_FU_INDE_RE_INDE_status_4_iter_26,NO_REGULARIZE,3,5.211288671572503,243,1
free_flying_robot_FU_INDE_RE_INDE_status_4_iter_26,M_PROJECT,3,5.211288671572503,358,1
free_flying_robot_FU_INDE_RE_INDE_status_4_iter_26,M_MIRROR,40,-2036.1221029845105,16992,0
free_flying_robot_FU_INDE_RE_INDE_status_4_iter_26,M_GMW,41,-2036.1221032445528,4574,0
free_flying_robot_FU_INDE_RE_INDE_status_4_iter_26,PM_PROJECT,38,-2036.122103597273,8803.25,0
free_flying_robot_FU_INDE_RE_INDE_status_4_iter_26,PM_MIRROR,39,-2036.1221035384774,8903.25,0
free_flying_robot_FU_INDE_RE_INDE_status_4_iter_26,PM_GMW,37,-2036.1221020918015,3883.75,0
free_flying_robot_FU_INDE_RE_INDE_status_4_iter_27,NO_REGULARIZE,3,5.964041785931937,246,1
free_flying_robot_FU_INDE_RE_INDE_status_4_iter_27,M_PROJECT,3,5.964041785931937,361,1
free_flying_robot_FU_INDE_RE_INDE_status_4_iter_27,M_MIRROR,29,-594.9740111623546,8332,0
free_flying_robot_FU_INDE_RE_INDE_status_4_iter_27,M_GMW,38,-594.9740118823465,4128,0
free_flying_robot_FU_INDE_RE_INDE_status_4_iter_27,PM_PROJECT,29,-594.9740126271861,5997.25,0
free_flying_robot_FU_INDE_RE_INDE_status_4_iter_27,PM_MIRROR,29,-594.9740121293048,5997.25,0
free_flying_robot_FU_INDE_RE_INDE_status_4_iter_27,PM_GMW,29,-594.9740118043999,3013.75,0
free_flying_robot_FU_INDE_RE_INDE_status_4_iter_28,NO_REGULARIZE,4,-12.959865571467185,339,1
free_flying_robot_FU_INDE_RE_INDE_status_4_iter_28,M_PROJECT,4,-12.959865571467185,454,1
free_flying_robot_FU_INDE_RE_INDE_status_4_iter_28,M_MIRROR,30,-1569.1443310414024,8040,0
free_flying_robot_FU_INDE_RE_INDE_status_4_iter_28,M_GMW,31,-1569.144330487799,3304,0
free_flying_robot_FU_INDE_RE_INDE_status_4_iter_28,PM_PROJECT,29,-1569.1443304364288,4806.0,0
free_flying_robot_FU_INDE_RE_INDE_status_4_iter_28,PM_MIRROR,30,-1569.1443302075613,4906.0,0
free_flying_robot_FU_INDE_RE_INDE_status_4_iter_28,PM_GMW,30,-1569.1443305148441,3070.0,0
free_flying_robot_FU_INDE_RE_INDE_status_4_iter_3,NO_REGULARIZE,1,1.2416357497820056,40,1
free_flying_robot_FU_INDE_RE_INDE_status_4_iter_3,M_PROJECT,1,1.2416357497820056,155,1
free_flying_robot_FU_INDE_RE_INDE_status_4_iter_3,M_MIRROR,57,-39844.32993379493,26028,0
free_flying_robot_FU_INDE_RE_INDE_status_4_iter_3,M_GMW,65,-39844.32993367008,7268,0
free_flying_robot_FU_INDE_RE_INDE_status_4_iter_3,PM_PROJECT,59,-39844.329933968365,16144.75,0
free_flying_robot_FU_INDE_RE_INDE_status_4_iter_3,PM_MIRROR,39,-15900.312840063281,7950.25,0
free_flying_robot_FU_INDE_RE_INDE_status_4_iter_3,PM_GMW,44,-15900.31283931603,4575.0,0
free_flying_robot_FU_INDE_RE_INDE_status_4_iter_5,NO_REGULARIZE,6,-639.8106724803071,545,1
free_flying_robot_FU_INDE_RE_INDE_status_4_iter_5,M_PROJECT,6,-639.8106724803071,689,1
free_flying_robot_FU_INDE_RE_INDE_status_4_iter_5,M_MIRROR,25,-2444.6639622557564,3508,0
free_flying_robot_FU_INDE_RE_INDE_status_4_iter_5,M_GMW,25,-2444.663962499453,2536,0
free_flying_robot_FU_INDE_RE_INDE_status_4_iter_5,PM_PROJECT,25,-2444.663962624399,3453.0,0
free_flying_robot_FU_INDE_RE_INDE_status_4_iter_5,PM_MIRROR,25,-2444.663962790958,3453.0,0
free_flying_robot_FU_INDE_RE_INDE_status_4_iter_5,PM_GMW,25,-2444.663962535825,2535.0,0
free_flying_robot_FU_INDE_RE_INDE_status_4_iter_6,NO_REGULARIZE,6,-545.3640598429654,545,1
free_flying_robot_FU_INDE_RE_INDE_status_4_iter_6,M_PROJECT,6,-545.3640598429654,689,1
free_flying_robot_FU_INDE_RE_INDE_status_4_iter_6,M_MIRROR,27,-2130.1451418840898,3932,0
free_flying_robot_FU_INDE_RE_INDE_status_4_iter_6,M_GMW,27,-2130.1451419548366,2736,0
free_flying_robot_FU_INDE_RE_INDE_status_4_iter_6,PM_PROJECT,27,-2130.145141965842,3414.75,0
free_flying_robot_FU_INDE_RE_INDE_status_4_iter_6,PM_MIRROR,27,-2130.145141998331,3414.75,0
free_flying_robot_FU_INDE_RE_INDE_status_4_iter_6,PM_GMW,27,-2130.1451419547384,2735.0,0
furuta_cons_FU_INDE_RE_INDE_status_4_iter_0,NO_REGULARIZE,1,0.0,12,1
furuta_cons_FU_INDE_RE_INDE_status_4_iter_0,M_PROJECT,1,nan,376,3
furuta_cons_FU_INDE_RE_INDE_status_4_iter_0,M_MIRROR,10,-417.58585185066704,1688,0
furuta_cons_FU_INDE_RE_INDE_status_4_iter_0,M_GMW,10,-417.58585185066704,446,0
furuta_cons_FU_INDE_RE_INDE_status_4_iter_0,PM_PROJECT,10,-417.5858518533036,10936.0,0
furuta_cons_FU_INDE_RE_INDE_status_4_iter_0,PM_MIRROR,10,-417.5858517856643,10936.0,0
furuta_cons_FU_INDE_RE_INDE_status_4_iter_0,PM_GMW,10,-417.5858518275416,790.0,0
furuta_cons_FU_INDE_RE_INDE_status_4_iter_1,NO_REGULARIZE,1,0.0,12,1
furuta_cons_FU_INDE_RE_INDE_status_4_iter_1,M_PROJECT,1,nan,376,3
furuta_cons_FU_INDE_RE_INDE_status_4_iter_1,M_MIRROR,10,-417.60207952536075,1688,0
furuta_cons_FU_INDE_RE_INDE_status_4_iter_1,M_GMW,10,-417.60207952536075,446,0
furuta_cons_FU_INDE_RE_INDE_status_4_iter_1,PM_PROJECT,10,-417.6020795280077,10936.0,0
furuta_cons_FU_INDE_RE_INDE_status_4_iter_1,PM_MIRROR,10,-417.6020794604381,10936.0,0
furuta_cons_FU_INDE_RE_INDE_status_4_iter_1,PM_GMW,10,-417.6020795022978,790.0,0
furuta_cons_FU_INDE_RE_INDE_status_4_iter_11,NO_REGULARIZE,1,0.004661251956699997,15,1
furuta_cons_FU_INDE_RE_INDE_status_4_iter_11,M_PROJECT,1,nan,376,3
furuta_cons_FU_INDE_RE_INDE_status_4_iter_11,M_MIRROR,14,-264.5271033310642,840,0
furuta_cons_FU_INDE_RE_INDE_status_4_iter_11,M_GMW,14,-264.5271033310642,570,0
furuta_cons_FU_INDE_RE_INDE_status_4_iter_11,PM_PROJECT,14,-264.52710333113083,4072.0,0
furuta_cons_FU_INDE_RE_INDE_status_4_iter_11,PM_MIRROR,13,-264.5271033311304,4032.0,0
furuta_cons_FU_INDE_RE_INDE_status_4_iter_11,PM_GMW,13,-264.5271033311302,650.0,0
furuta_cons_FU_INDE_RE_INDE_status_4_iter_12,NO_REGULARIZE,2,-0.09356729846549862,49,1
furuta_cons_FU_INDE_RE_INDE_status_4_iter_12,M_PROJECT,2,nan,416,3
furuta_cons_FU_INDE_RE_INDE_status_4_iter_12,M_MIRROR,13,-21.06949157195459,2256,0
furuta_cons_FU_INDE_RE_INDE_status_4_iter_12,M_GMW,13,-21.06949157195459,582,0
furuta_cons_FU_INDE_RE_INDE_status_4_iter_12,PM_PROJECT,13,-21.06949171126558,14568.0,0
furuta_cons_FU_INDE_RE_INDE_status_4_iter_12,PM_MIRROR,15,-21.06949220531929,32208.0,0
furuta_cons_FU_INDE_RE_INDE_status_4_iter_12,PM_GMW,13,-21.069491673518176,1170.0,0
furuta_cons_FU_INDE_RE_INDE_status_4_iter_13,NO_REGULARIZE,2,-0.7331302838280959,53,1
furuta_cons_FU_INDE_RE_INDE_status_4_iter_13,M_PROJECT,2,nan,416,3
furuta_cons_FU_INDE_RE_INDE_status_4_iter_13,M_MIRROR,9,-7.493735154654804,808,0
furuta_cons_FU_INDE_RE_INDE_status_4_iter_13,M_GMW,9,-7.493735154654804,376,0
furuta_cons_FU_INDE_RE_INDE_status_4_iter_13,PM_PROJECT,9,-7.493735154654906,3872.0,0
furuta_cons_FU_INDE_RE_INDE_status_4_iter_13,PM_MIRROR,9,-7.493735154655179,3872.0,0
furuta_cons_FU_INDE_RE_INDE_status_4_iter_13,PM_GMW,9,-7.493735154654789,490.0,0
furuta_cons_FU_INDE_RE_INDE_status_4_iter_14,NO_REGULARIZE,1,0.007500011767199985,17,1
furuta_cons_FU_INDE_RE_INDE_status_4_iter_14,M_PROJECT,11,-179.32689655919472,664,0
furuta_cons_FU_INDE_RE_INDE_status_4_iter_14,M_MIRROR,11,-179.32689660479397,608,0
furuta_cons_FU_INDE_RE_INDE_status_4_iter_14,M_GMW,11,-179.32689660479397,446,0
furuta_cons_FU_INDE_RE_INDE_status_4_iter_14,PM_PROJECT,11,-179.32689662444292,3952.0,0
furuta_cons_FU_INDE_RE_INDE_status_4_iter_14,PM_MIRROR,11,-179.32689677597543,7464.0,0
furuta_cons_FU_INDE_RE_INDE_status_4_iter_14,PM_GMW,11,-179.3268966085994,570.0,0
furuta_cons_FU_INDE_RE_INDE_status_4_iter_15,NO_REGULARIZE,2,0.059357072231832245,52,1
furuta_cons_FU_INDE_RE_INDE_status_4_iter_15,M_PROJECT,2,nan,416,3
furuta_cons_FU_INDE_RE_INDE_status_4_iter_15,M_MIRROR,15,-9.654882942958263,3064,0
furuta_cons_FU_INDE_RE_INDE_status_4_iter_15,M_GMW,15,-9.654882942958263,688,0
furuta_cons_FU_INDE_RE_INDE_status_4_iter_15,PM_PROJECT,15,-9.65488294295827,21672.0,0
furuta_cons_FU_INDE_RE_INDE_status_4_iter_15,PM_MIRROR,15,-9.654882942958263,21672.0,0
furuta_cons_FU_INDE_RE_INDE_status_4_iter_15,PM_GMW,12,-9.654882878319125,1260.0,0
furuta_cons_FU_INDE_RE_INDE_status_4_iter_17,NO_REGULARIZE,2,-7.2374722717109545,57,1
furuta_cons_FU_INDE_RE_INDE_status_4_iter_17,M_PROJECT,10,-26.878241002380005,624,0
furuta_cons_FU_INDE_RE_INDE_status_4_iter_17,M_MIRROR,10,-26.878241002389128,568,0
furuta_cons_FU_INDE_RE_INDE_status_4_iter_17,M_GMW,10,-26.878241002389128,406,0
furuta_cons_FU_INDE_RE_INDE_status_4_iter_17,PM_PROJECT,10,-26.87824100246217,3912.0,0
furuta_cons_FU_INDE_RE_INDE_status_4_iter_17,PM_MIRROR,10,-26.878241002600173,3912.0,0
furuta_cons_FU_INDE_RE_INDE_status_4_iter_17,PM_GMW,10,-26.878241002575923,530.0,0
furuta_cons_FU_INDE_RE_INDE_status_4_iter_18,NO_REGULARIZE,2,0.020234448024499245,57,1
furuta_cons_FU_INDE_RE_INDE_status_4_iter_18,M_PROJECT,4,nan,776,3
furuta_cons_FU_INDE_RE_INDE_status_4_iter_18,M_MIRROR,30,-10.585202540338628,8648,0
furuta_cons_FU_INDE_RE_INDE_status_4_iter_18,M_GMW,30,-10.585202540338628,1466,0
furuta_cons_FU_INDE_RE_INDE_status_4_iter_18,PM_PROJECT,12,-10.585202538518407,11016.0,0
furuta_cons_FU_INDE_RE_INDE_status_4_iter_18,PM_MIRROR,11,-10.585202539486064,7464.0,0
furuta_cons_FU_INDE_RE_INDE_status_4_iter_18,PM_GMW,13,-10.585202540339218,1040.0,0
furuta_cons_FU_INDE_RE_INDE_status_4_iter_2,NO_REGULARIZE,1,-0.00039743976834958917,17,1
furuta_cons_FU_INDE_RE_INDE_status_4_iter_2,M_PROJECT,14,-260.2177138738541,952,0
furuta_cons_FU_INDE_RE_INDE_status_4_iter_2,M_MIRROR,18,-177.97902242051654,3296,0
furuta_cons_FU_INDE_RE_INDE_status_4_iter_2,M_GMW,18,-177.97902242051654,812,0
furuta_cons_FU_INDE_RE_INDE_status_4_iter_2,PM_PROJECT,13,-177.97902242051657,18080.0,0
furuta_cons_FU_INDE_RE_INDE_status_4_iter_2,PM_MIRROR,38,-177.97902242051663,138488.0,0
furuta_cons_FU_INDE_RE_INDE_status_4_iter_2,PM_GMW,35,-177.979022418962,6340.0,0
furuta_cons_FU_INDE_RE_INDE_status_4_iter_20,NO_REGULARIZE,2,-0.6176492498624739,53,1
furuta_cons_FU_INDE_RE_INDE_status_4_iter_20,M_PROJECT,2,nan,472,3
furuta_cons_FU_INDE_RE_INDE_status_4_iter_20,M_MIRROR,10,-17.2472161786796,1408,0
furuta_cons_FU_INDE_RE_INDE_status_4_iter_20,M_GMW,10,-17.2472161786796,436,0
furuta_cons_FU_INDE_RE_INDE_status_4_iter_20,PM_PROJECT,13,-17.24721682654761,28616.0,0
furuta_cons_FU_INDE_RE_INDE_status_4_iter_20,PM_MIRROR,12,-17.247216827342196,18040.0,0
furuta_cons_FU_INDE_RE_INDE_status_4_iter_20,PM_GMW,12,-17.24721672954991,1390.0,0
furuta_cons_FU_INDE_RE_INDE_status_4_iter_23,NO_REGULARIZE,1,0.04593356813071485,18,1
furuta_cons_FU_INDE_RE_INDE_status_4_iter_23,M_PROJECT,10,-68.78876594776327,568,0
furuta_cons_FU_INDE_RE_INDE_status_4_iter_23,M_MIRROR,10,-68.788765998551,512,0
furuta_cons_FU_INDE_RE_INDE_status_4_iter_23,M_GMW,10,-68.788765998551,404,0
furuta_cons_FU_INDE_RE_INDE_status_4_iter_23,PM_PROJECT,12,-68.78876648742622,11016.0,0
furuta_cons_FU_INDE_RE_INDE_status_4_iter_23,PM_MIRROR,28,-68.78876644171112,50288.0,0
furuta_cons_FU_INDE_RE_INDE_status_4_iter_23,PM_GMW,15,-68.78876648822606,1380.0,0
furuta_cons_FU_INDE_RE_INDE_status_4_iter_24,NO_REGULARIZE,3,-0.21129881053771868,91,1
furuta_cons_FU_INDE_RE_INDE_status_4_iter_24,M_PROJECT,3,nan,512,3
furuta_cons_FU_INDE_RE_INDE_status_4_iter_24,M_MIRROR,18,-4.6702434167802,4472,0
furuta_cons_FU_INDE_RE_INDE_status_4_iter_24,M_GMW,18,-4.6702434167802,854,0
furuta_cons_FU_INDE_RE_INDE_status_4_iter_24,PM_PROJECT,25,-4.6702434607361125,92312.0,0
furuta_cons_FU_INDE_RE_INDE_status_4_iter_24,PM_MIRROR,12,-4.670243460736114,11016.0,0
furuta_cons_FU_INDE_RE_INDE_status_4_iter_24,PM_GMW,12,-4.670243460736116,870.0,0
furuta_cons_FU_INDE_RE_INDE_status_4_iter_26,NO_REGULARIZE,3,-1.1272821986157475,94,1
furuta_cons_FU_INDE_RE_INDE_status_4_iter_26,M_PROJECT,3,nan,456,3
furuta_cons_FU_INDE_RE_INDE_status_4_iter_26,M_MIRROR,8,-3.049341371968049,712,0
furuta_cons_FU_INDE_RE_INDE_status_4_iter_26,M_GMW,8,-3.049341371968049,334,0
furuta_cons_FU_INDE_RE_INDE_status_4_iter_26,PM_PROJECT,8,-3.049341359944493,3832.0,0
furuta_cons_FU_INDE_RE_INDE_status_4_iter_26,PM_MIRROR,8,-3.0493411762580003,3832.0,0
furuta_cons_FU_INDE_RE_INDE_status_4_iter_26,PM_GMW,8,-3.0493413295605625,450.0,0
furuta_cons_FU_INDE_RE_INDE_status_4_iter_30,NO_REGULARIZE,2,-0.12574549890247727,53,1
furuta_cons_FU_INDE_RE_INDE_status_4_iter_30,M_PROJECT,2,nan,416,3
furuta_cons_FU_INDE_RE_INDE_status_4_iter_30,M_MIRROR,9,-7.484927502191066,1032,0
furuta_cons_FU_INDE_RE_INDE_status_4_iter_30,M_GMW,9,-7.484927502191066,384,0
furuta_cons_FU_INDE_RE_INDE_status_4_iter_30,PM_PROJECT,8,-7.484927163507084,3832.0,0
furuta_cons_FU_INDE_RE_INDE_status_4_iter_30,PM_MIRROR,12,-7.484927502318748,14528.0,0
furuta_cons_FU_INDE_RE_INDE_status_4_iter_30,PM_GMW,13,-7.484927502326851,1170.0,0
furuta_cons_FU_INDE_RE_INDE_status_4_iter_4,NO_REGULARIZE,8,-2.1190006138031148,320,0
furuta_cons_FU_INDE_RE_INDE_status_4_iter_4,M_PROJECT,8,-2.1190006138031148,320,0
furuta_cons_FU_INDE_RE_INDE_status_4_iter_4,M_MIRROR,8,-2.1190006138031148,320,0
furuta_cons_FU_INDE_RE_INDE_status_4_iter_4,M_GMW,8,-2.1190006138031148,320,0
furuta_cons_FU_INDE_RE_INDE_status_4_iter_4,PM_PROJECT,8,-2.1190006138031148,320,0
furuta_cons_FU_INDE_RE_INDE_status_4_iter_4,PM_MIRROR,8,-2.1190006138031148,320,0
furuta_cons_FU_INDE_RE_INDE_status_4_iter_4,PM_GMW,8,-2.1190006138031148,320,0
furuta_cons_FU_INDE_RE_INDE_status_4_iter_5,NO_REGULARIZE,2,0.04613788368858107,47,1
furuta_cons_FU_INDE_RE_INDE_status_4_iter_5,M_PROJECT,2,nan,416,3
furuta_cons_FU_INDE_RE_INDE_status_4_iter_5,M_MIRROR,10,-6.184046149469695,1184,0
furuta_cons_FU_INDE_RE_INDE_status_4_iter_5,M_GMW,10,-6.184046149469695,428,0
furuta_cons_FU_INDE_RE_INDE_status_4_iter_5,PM_PROJECT,10,-6.184046149469694,3912.0,0
furuta_cons_FU_INDE_RE_INDE_status_4_iter_5,PM_MIRROR,10,-6.1840461494696894,3912.0,0
furuta_cons_FU_INDE_RE_INDE_status_4_iter_5,PM_GMW,10,-6.18404614946969,530.0,0
furuta_cons_FU_INDE_RE_INDE_status_4_iter_6,NO_REGULARIZE,2,-4.477759570702564,55,1
furuta_cons_FU_INDE_RE_INDE_status_4_iter_6,M_PROJECT,2,nan,416,3
furuta_cons_FU_INDE_RE_INDE_status_4_iter_6,M_MIRROR,8,-30.68231584393591,600,0
furuta_cons_FU_INDE_RE_INDE_status_4_iter_6,M_GMW,8,-30.68231584393591,330,0
furuta_cons_FU_INDE_RE_INDE_status_4_iter_6,PM_PROJECT,8,-30.682315852247708,3832.0,0
furuta_cons_FU_INDE_RE_INDE_status_4_iter_6,PM_MIRROR,8,-30.682315849092213,3832.0,0
furuta_cons_FU_INDE_RE_INDE_status_4_iter_6,PM_GMW,8,-30.68231585533352,450.0,0
furuta_cons_FU_INDE_RE_INDE_status_4_iter_8,NO_REGULARIZE,2,-0.021385201600832626,47,1
furuta_cons_FU_INDE_RE_INDE_status_4_iter_8,M_PROJECT,2,nan,416,3
furuta_cons_FU_INDE_RE_INDE_status_4_iter_8,M_MIRROR,15,-18.12840756817701,3960,0
furuta_cons_FU_INDE_RE_INDE_status_4_iter_8,M_GMW,15,-18.12840756817701,720,0
furuta_cons_FU_INDE_RE_INDE_status_4_iter_8,PM_PROJECT,14,-18.128407568176996,28656.0,0
furuta_cons_FU_INDE_RE_INDE_status_4_iter_8,PM_MIRROR,15,-18.128407568176797,42744.0,0
furuta_cons_FU_INDE_RE_INDE_status_4_iter_8,PM_GMW,38,-18.128407568177003,5290.0,0
moonlander_FU_INDE_RE_INDE_status_4_iter_0,NO_REGULARIZE,3,41.90296806742675,143,1
moonlander_FU_INDE_RE_INDE_status_4_iter_0,M_PROJECT,3,41.90296806742675,287,1
moonlander_FU_INDE_RE_INDE_status_4_iter_0,M_MIRROR,120,-931.8218320019864,62192,2
moonlander_FU_INDE_RE_INDE_status_4_iter_0,M_GMW,120,-274.3882091728034,9396,2
moonlander_FU_INDE_RE_INDE_status_4_iter_0,PM_PROJECT,60,-4311.958458544741,61132.0,0
moonlander_FU_INDE_RE_INDE_status_4_iter_0,PM_MIRROR,55,-4311.958458544741,54776.0,0
moonlander_FU_INDE_RE_INDE_status_4_iter_0,PM_GMW,52,-4311.958458544737,4800.0,0
moonlander_FU_INDE_RE_INDE_status_4_iter_1,NO_REGULARIZE,3,41.90296806742675,143,1
moonlander_FU_INDE_RE_INDE_status_4_iter_1,M_PROJECT,3,41.90296806742675,287,1
moonlander_FU_INDE_RE_INDE_status_4_iter_1,M_MIRROR,120,-931.8218320019864,62192,2
moonlander_FU_INDE_RE_INDE_status_4_iter_1,M_GMW,120,-274.3882091728034,9396,2
moonlander_FU_INDE_RE_INDE_status_4_iter_1,PM_PROJECT,60,-4311.958458544741,61132.0,0
moonlander_FU_INDE_RE_INDE_status_4_iter_1,PM_MIRROR,55,-4311.958458544741,54776.0,0
moonlander_FU_INDE_RE_INDE_status_4_iter_1,PM_GMW,52,-4311.958458544737,4800.0,0
moonlander_FU_INDE_RE_INDE_status_4_iter_10,NO_REGULARIZE,3,0.11843542160992282,144,1
moonlander_FU_INDE_RE_INDE_status_4_iter_10,M_PROJECT,3,nan,516,3
moonlander_FU_INDE_RE_INDE_status_4_iter_10,M_MIRROR,38,-1707.2527618201166,6928,0
moonlander_FU_INDE_RE_INDE_status_4_iter_10,M_GMW,38,-1707.2527618281297,2438,0
moonlander_FU_INDE_RE_INDE_status_4_iter_10,PM_PROJECT,36,-1707.252761369527,36982.0,0
moonlander_FU_INDE_RE_INDE_status_4_iter_10,PM_MIRROR,39,-1707.252761717529,34134.0,0
moonlander_FU_INDE_RE_INDE_status_4_iter_10,PM_GMW,36,-1707.2527616281557,3056.0,0
moonlander_FU_INDE_RE_INDE_status_4_iter_11,NO_REGULARIZE,4,-21.423435214640264,204,1
moonlander_FU_INDE_RE_INDE_status_4_iter_11,M_PROJECT,4,-21.423435214640264,377,1
moonlander_FU_INDE_RE_INDE_status_4_iter_11,M_MIRROR,35,-1542.3096041666668,5460,0
moonlander_FU_INDE_RE_INDE_status_4_iter_11,M_GMW,33,-1542.3096043972173,2092,0
moonlander_FU_INDE_RE_INDE_status_4_iter_11,PM_PROJECT,36,-1542.3096043805056,43038.0,0
moonlander_FU_INDE_RE_INDE_status_4_iter_11,PM_MIRROR,34,-1542.309604159062,23236.0,0
moonlander_FU_INDE_RE_INDE_status_4_iter_11,PM_GMW,34,-1542.30960376436,2768.0,0
moonlander_FU_INDE_RE_INDE_status_4_iter_12,NO_REGULARIZE,3,-1.3405561931215821,145,1
moonlander_FU_INDE_RE_INDE_status_4_iter_12,M_PROJECT,3,-1.3405561931215821,318,1
moonlander_FU_INDE_RE_INDE_status_4_iter_12,M_MIRROR,33,-1367.366894649889,5172,0
moonlander_FU_INDE_RE_INDE_status_4_iter_12,M_GMW,39,-1367.3668946414896,2502,0
moonlander_FU_INDE_RE_INDE_status_4_iter_12,PM_PROJECT,37,-1367.3668946460202,44612.0,0
moonlander_FU_INDE_RE_INDE_status_4_iter_12,PM_MIRROR,34,-1367.3668946516777,23236.0,0
moonlander_FU_INDE_RE_INDE_status_4_iter_12,PM_GMW,35,-1367.3668946444495,2884.0,0
moonlander_FU_INDE_RE_INDE_status_4_iter_13,NO_REGULARIZE,4,-21.625762484861326,205,1
moonlander_FU_INDE_RE_INDE_status_4_iter_13,M_PROJECT,4,-21.625762484861326,320,1
moonlander_FU_INDE_RE_INDE_status_4_iter_13,M_MIRROR,35,-1196.71255565439,5012,0
moonlander_FU_INDE_RE_INDE_status_4_iter_13,M_GMW,35,-1196.7125556581907,2202,0
moonlander_FU_INDE_RE_INDE_status_4_iter_13,PM_PROJECT,32,-1196.7125556581907,24630.0,0
moonlander_FU_INDE_RE_INDE_status_4_iter_13,PM_MIRROR,33,-1196.712555658191,18634.0,0
moonlander_FU_INDE_RE_INDE_status_4_iter_13,PM_GMW,32,-1196.712555658191,2704.0,0
moonlander_FU_INDE_RE_INDE_status_4_iter_14,NO_REGULARIZE,3,-7.793465599507863,145,1
moonlander_FU_INDE_RE_INDE_status_4_iter_14,M_PROJECT,3,-7.793465599507863,260,1
moonlander_FU_INDE_RE_INDE_status_4_iter_14,M_MIRROR,34,-1027.1015653243621,4560,0
moonlander_FU_INDE_RE_INDE_status_4_iter_14,M_GMW,36,-1027.1015653347622,2260,0
moonlander_FU_INDE_RE_INDE_status_4_iter_14,PM_PROJECT,31,-1027.1015653163222,29112.0,0
moonlander_FU_INDE_RE_INDE_status_4_iter_14,PM_MIRROR,30,-1027.1015652649373,18454.0,0
moonlander_FU_INDE_RE_INDE_status_4_iter_14,PM_GMW,31,-1027.1015653303527,2532.0,0
moonlander_FU_INDE_RE_INDE_status_4_iter_15,NO_REGULARIZE,4,-22.133683277538896,205,1
moonlander_FU_INDE_RE_INDE_status_4_iter_15,M_PROJECT,4,nan,576,3
moonlander_FU_INDE_RE_INDE_status_4_iter_15,M_MIRROR,27,-870.0656505554416,2852,0
moonlander_FU_INDE_RE_INDE_status_4_iter_15,M_GMW,30,-870.0656505553707,1868,0
moonlander_FU_INDE_RE_INDE_status_4_iter_15,PM_PROJECT,27,-870.0656505554421,15246.0,0
moonlander_FU_INDE_RE_INDE_status_4_iter_15,PM_MIRROR,27,-870.0656505553724,13732.0,0
moonlander_FU_INDE_RE_INDE_status_4_iter_15,PM_GMW,28,-870.0656505554388,2184.0,0
moonlander_FU_INDE_RE_INDE_status_4_iter_17,NO_REGULARIZE,4,-35.63127607095402,207,1
moonlander_FU_INDE_RE_INDE_status_4_iter_17,M_PROJECT,5,-79.21176692023495,606,1
moonlander_FU_INDE_RE_INDE_status_4_iter_17,M_MIRROR,28,-586.195856030886,3136,0
moonlander_FU_INDE_RE_INDE_status_4_iter_17,M_GMW,26,-586.19585598123,1610,0
moonlander_FU_INDE_RE_INDE_status_4_iter_17,PM_PROJECT,26,-586.1958559137469,18214.0,0
moonlander_FU_INDE_RE_INDE_status_4_iter_17,PM_MIRROR,23,-586.195856033833,7436.0,0
moonlander_FU_INDE_RE_INDE_status_4_iter_17,PM_GMW,24,-586.1958560334601,1720.0,0
moonlander_FU_INDE_RE_INDE_status_4_iter_18,NO_REGULARIZE,3,-7.074112363080609,150,1
moonlander_FU_INDE_RE_INDE_status_4_iter_18,M_PROJECT,30,-454.11626973813327,3200,0
moonlander_FU_INDE_RE_INDE_status_4_iter_18,M_MIRROR,27,-454.11626973187884,2908,0
moonlander_FU_INDE_RE_INDE_status_4_iter_18,M_GMW,28,-454.11626973994896,1726,0
moonlander_FU_INDE_RE_INDE_status_4_iter_18,PM_PROJECT,29,-454.1162697397818,24450.0,0
moonlander_FU_INDE_RE_INDE_status_4_iter_18,PM_MIRROR,28,-454.11626973994487,18334.0,0
moonlander_FU_INDE_RE_INDE_status_4_iter_18,PM_GMW,28,-454.1162697354866,2352.0,0
moonlander_FU_INDE_RE_INDE_status_4_iter_2,NO_REGULARIZE,3,44.210624999533366,141,1
moonlander_FU_INDE_RE_INDE_status_4_iter_2,M_PROJECT,3,44.210624999533366,256,1
moonlander_FU_INDE_RE_INDE_status_4_iter_2,M_MIRROR,120,-1250.9814952175147,69528,2
moonlander_FU_INDE_RE_INDE_status_4_iter_2,M_GMW,49,-4355.823803310297,3226,0
moonlander_FU_INDE_RE_INDE_status_4_iter_2,PM_PROJECT,79,-4355.823803310258,112234.0,0
moonlander_FU_INDE_RE_INDE_status_4_iter_2,PM_MIRROR,48,-4355.823803304072,45272.0,0
moonlander_FU_INDE_RE_INDE_status_4_iter_2,PM_GMW,67,-4355.823803310297,6484.0,0
moonlander_FU_INDE_RE_INDE_status_4_iter_21,NO_REGULARIZE,3,-8.833890577940949,150,1
moonlander_FU_INDE_RE_INDE_status_4_iter_21,M_PROJECT,120,-185.9929651277139,19968,2
moonlander_FU_INDE_RE_INDE_status_4_iter_21,M_MIRROR,22,-209.59452294475005,1768,0
moonlander_FU_INDE_RE_INDE_status_4_iter_21,M_GMW,22,-209.59452294307866,1336,0
moonlander_FU_INDE_RE_INDE_status_4_iter_21,PM_PROJECT,22,-209.5945229451353,8890.0,0
moonlander_FU_INDE_RE_INDE_status_4_iter_21,PM_MIRROR,22,-209.5945229324813,7376.0,0
moonlander_FU_INDE_RE_INDE_status_4_iter_21,PM_GMW,21,-209.59452289515582,1484.0,0
moonlander_FU_INDE_RE_INDE_status_4_iter_22,NO_REGULARIZE,4,-38.0328804880209,208,1
moonlander_FU_INDE_RE_INDE_status_4_iter_22,M_PROJECT,120,-141.06002067990332,20080,2
moonlander_FU_INDE_RE_INDE_status_4_iter_22,M_MIRROR,20,-153.3969683086118,1648,0
moonlander_FU_INDE_RE_INDE_status_4_iter_22,M_GMW,20,-153.39696845718134,1214,0
moonlander_FU_INDE_RE_INDE_status_4_iter_22,PM_PROJECT,19,-153.39696840873833,4168.0,0
moonlander_FU_INDE_RE_INDE_status_4_iter_22,PM_MIRROR,24,-153.39696857116067,10524.0,0
moonlander_FU_INDE_RE_INDE_status_4_iter_22,PM_GMW,21,-153.3969685483261,1428.0,0
moonlander_FU_INDE_RE_INDE_status_4_iter_26,NO_REGULARIZE,3,2.7471217040317395,149,1
moonlander_FU_INDE_RE_INDE_status_4_iter_26,M_PROJECT,13,-37.83148907554041,892,0
moonlander_FU_INDE_RE_INDE_status_4_iter_26,M_MIRROR,13,-37.83148907514125,892,0
moonlander_FU_INDE_RE_INDE_status_4_iter_26,M_GMW,13,-37.83148907514173,784,0
moonlander_FU_INDE_RE_INDE_status_4_iter_26,PM_PROJECT,13,-37.83148907437511,2294.0,0
moonlander_FU_INDE_RE_INDE_status_4_iter_26,PM_MIRROR,13,-37.831489074661164,2294.0,0
moonlander_FU_INDE_RE_INDE_status_4_iter_26,PM_GMW,13,-37.83148907083202,836.0,0
moonlander_FU_INDE_RE_INDE_status_4_iter_3,NO_REGULARIZE,4,-36.302363746442644,203,1
moonlander_FU_INDE_RE_INDE_status_4_iter_3,M_PROJECT,4,nan,576,3
moonlander_FU_INDE_RE_INDE_status_4_iter_3,M_MIRROR,42,-2697.5673384313527,7448,0
moonlander_FU_INDE_RE_INDE_status_4_iter_3,M_GMW,41,-2697.567338697678,2640,0
moonlander_FU_INDE_RE_INDE_status_4_iter_3,PM_PROJECT,38,-2697.567338703537,34074.0,0
moonlander_FU_INDE_RE_INDE_status_4_iter_3,PM_MIRROR,44,-2697.5673387022425,45032.0,0
moonlander_FU_INDE_RE_INDE_status_4_iter_3,PM_GMW,41,-2697.5673387012625,3468.0,0
moonlander_FU_INDE_RE_INDE_status_4_iter_4,NO_REGULARIZE,4,-29.78047501883077,202,1
moonlander_FU_INDE_RE_INDE_status_4_iter_4,M_PROJECT,4,-29.78047501883077,375,1
moonlander_FU_INDE_RE_INDE_status_4_iter_4,M_MIRROR,41,-3391.856073243868,7668,0
moonlander_FU_INDE_RE_INDE_status_4_iter_4,M_GMW,48,-3391.856073243978,3096,0
moonlander_FU_INDE_RE_INDE_status_4_iter_4,PM_PROJECT,61,-3391.8560732437304,88444.0,0
moonlander_FU_INDE_RE_INDE_status_4_iter_4,PM_MIRROR,48,-3391.8560732439864,45272.0,0
moonlander_FU_INDE_RE_INDE_status_4_iter_4,PM_GMW,44,-3391.8560732429673,3704.0,0
moonlander_FU_INDE_RE_INDE_status_4_iter_5,NO_REGULARIZE,3,-2.6755297565215037,143,1
moonlander_FU_INDE_RE_INDE_status_4_iter_5,M_PROJECT,3,nan,516,3
moonlander_FU_INDE_RE_INDE_status_4_iter_5,M_MIRROR,51,-2840.618613915245,9332,0
moonlander_FU_INDE_RE_INDE_status_4_iter_5,M_GMW,52,-2840.6186139481915,3348,0
moonlander_FU_INDE_RE_INDE_status_4_iter_5,PM_PROJECT,56,-2840.618613729389,51808.0,0
moonlander_FU_INDE_RE_INDE_status_4_iter_5,PM_MIRROR,54,-2840.6186135685884,54716.0,0
moonlander_FU_INDE_RE_INDE_status_4_iter_5,PM_GMW,55,-2840.618613947436,4868.0,0
moonlander_FU_INDE_RE_INDE_status_4_iter_6,NO_REGULARIZE,4,-19.189467809155396,202,1
moonlander_FU_INDE_RE_INDE_status_4_iter_6,M_PROJECT,4,nan,632,3
moonlander_FU_INDE_RE_INDE_status_4_iter_6,M_MIRROR,46,-2535.0875615454097,7856,0
moonlander_FU_INDE_RE_INDE_status_4_iter_6,M_GMW,44,-2535.08756218245,2800,0
moonlander_FU_INDE_RE_INDE_status_4_iter_6,PM_PROJECT,44,-2535.087561908238,35948.0,0
moonlander_FU_INDE_RE_INDE_status_4_iter_6,PM_MIRROR,50,-2535.087562185092,40850.0,0
moonlander_FU_INDE_RE_INDE_status_4_iter_6,PM_GMW,45,-2535.0875616579146,3764.0,0
moonlander_FU_INDE_RE_INDE_status_4_iter_7,NO_REGULARIZE,4,-26.263859158052206,203,1
moonlander_FU_INDE_RE_INDE_status_4_iter_7,M_PROJECT,4,nan,576,3
moonlander_FU_INDE_RE_INDE_status_4_iter_7,M_MIRROR,44,-2307.9224801599767,8240,0
moonlander_FU_INDE_RE_INDE_status_4_iter_7,M_GMW,40,-2307.922480410939,2572,0
moonlander_FU_INDE_RE_INDE_status_4_iter_7,PM_PROJECT,43,-2307.9224799258004,43458.0,0
moonlander_FU_INDE_RE_INDE_status_4_iter_7,PM_MIRROR,46,-2307.922480386298,39096.0,0
moonlander_FU_INDE_RE_INDE_status_4_iter_7,PM_GMW,45,-2307.9224798376963,3708.0,0
moonlander_FU_INDE_RE_INDE_status_4_iter_8,NO_REGULARIZE,3,2.1384642067845125,143,1
moonlander_FU_INDE_RE_INDE_status_4_iter_8,M_PROJECT,3,2.1384642067845125,258,1
moonlander_FU_INDE_RE_INDE_status_4_iter_8,M_MIRROR,45,-2076.9924698321875,8132,0
moonlander_FU_INDE_RE_INDE_status_4_iter_8,M_GMW,46,-2076.992469824053,2958,0
moonlander_FU_INDE_RE_INDE_status_4_iter_8,PM_PROJECT,39,-2076.9924698321884,41704.0,0
moonlander_FU_INDE_RE_INDE_status_4_iter_8,PM_MIRROR,45,-2076.992469832187,36008.0,0
moonlander_FU_INDE_RE_INDE_status_4_iter_8,PM_GMW,45,-2076.9924698127293,3820.0,0
moonlander_FU_INDE_RE_INDE_status_4_iter_9,NO_REGULARIZE,4,-16.875050067750895,203,1
moonlander_FU_INDE_RE_INDE_status_4_iter_9,M_PROJECT,4,-16.875050067750895,318,1
moonlander_FU_INDE_RE_INDE_status_4_iter_9,M_MIRROR,38,-1897.0031305490102,6088,0
moonlander_FU_INDE_RE_INDE_status_4_iter_9,M_GMW,36,-1897.0031305316334,2306,0
moonlander_FU_INDE_RE_INDE_status_4_iter_9,PM_PROJECT,42,-1897.0031305803002,38856.0,0
moonlander_FU_INDE_RE_INDE_status_4_iter_9,PM_MIRROR,35,-1897.0031305431917,21782.0,0
moonlander_FU_INDE_RE_INDE_status_4_iter_9,PM_GMW,44,-1897.003130560915,3760.0,0
overhead_crane_FU_INDE_RE_INDE_status_4_iter_11,NO_REGULARIZE,7,0.4753230575231943,491,1
overhead_crane_FU_INDE_RE_INDE_status_4_iter_11,M_PROJECT,7,0.4753230575231943,606,1
overhead_crane_FU_INDE_RE_INDE_status_4_iter_11,M_MIRROR,120,-0.7413227473671189,49472,2
overhead_crane_FU_INDE_RE_INDE_status_4_iter_11,M_GMW,120,-0.7634463550592038,11002,2
overhead_crane_FU_INDE_RE_INDE_status_4_iter_11,PM_PROJECT,120,-0.7632907404485247,92870.0,2
overhead_crane_FU_INDE_RE_INDE_status_4_iter_11,PM_MIRROR,100,-0.7634551213055033,92784.0,0
overhead_crane_FU_INDE_RE_INDE_status_4_iter_11,PM_GMW,67,-0.763455121305519,6928.0,0
overhead_crane_FU_INDE_RE_INDE_status_4_iter_12,NO_REGULARIZE,5,-2.6697874202051963,352,1
overhead_crane_FU_INDE_RE_INDE_status_4_iter_12,M_PROJECT,5,nan,792,3
overhead_crane_FU_INDE_RE_INDE_status_4_iter_12,M_MIRROR,28,-56.211478273837045,3696,0
overhead_crane_FU_INDE_RE_INDE_status_4_iter_12,M_GMW,28,-56.211478275025755,2292,0
overhead_crane_FU_INDE_RE_INDE_status_4_iter_12,PM_PROJECT,28,-56.21147827992195,8296.0,0
overhead_crane_FU_INDE_RE_INDE_status_4_iter_12,PM_MIRROR,28,-56.211478214530416,9810.0,0
overhead_crane_FU_INDE_RE_INDE_status_4_iter_12,PM_GMW,28,-56.21147824471685,2408.0,0
overhead_crane_FU_INDE_RE_INDE_status_4_iter_13,NO_REGULARIZE,3,2.079537547018426,168,1
overhead_crane_FU_INDE_RE_INDE_status_4_iter_13,M_PROJECT,3,2.079537547018426,341,1
overhead_crane_FU_INDE_RE_INDE_status_4_iter_13,M_MIRROR,23,-10.171362446508569,5592,0
overhead_crane_FU_INDE_RE_INDE_status_4_iter_13,M_GMW,23,-10.171362446508692,1974,0
overhead_crane_FU_INDE_RE_INDE_status_4_iter_13,PM_PROJECT,24,-10.1713624465086,6462.0,0
overhead_crane_FU_INDE_RE_INDE_status_4_iter_13,PM_MIRROR,21,-10.171362446508585,4708.0,0
overhead_crane_FU_INDE_RE_INDE_status_4_iter_13,PM_GMW,23,-10.171362446508558,1952.0,0
overhead_crane_FU_INDE_RE_INDE_status_4_iter_14,NO_REGULARIZE,15,-1.85132678595712,1200,0
overhead_crane_FU_INDE_RE_INDE_status_4_iter_14,M_PROJECT,15,-1.85132678595712,1200,0
overhead_crane_FU_INDE_RE_INDE_status_4_iter_14,M_MIRROR,15,-1.85132678595712,1200,0
overhead_crane_FU_INDE_RE_INDE_status_4_iter_14,M_GMW,15,-1.85132678595712,1200,0
overhead_crane_FU_INDE_RE_INDE_status_4_iter_14,PM_PROJECT,15,-1.85132678595712,1200,0
overhead_crane_FU_INDE_RE_INDE_status_4_iter_14,PM_MIRROR,15,-1.85132678595712,1200,0
overhead_crane_FU_INDE_RE_INDE_status_4_iter_14,PM_GMW,15,-1.85132678595712,1200,0
overhead_crane_FU_INDE_RE_INDE_status_4_iter_15,NO_REGULARIZE,3,1.2562090557691508,169,1
overhead_crane_FU_INDE_RE_INDE_status_4_iter_15,M_PROJECT,3,1.2562090557691508,284,1
overhead_crane_FU_INDE_RE_INDE_status_4_iter_15,M_MIRROR,120,1.1186441666253408,256000,2
overhead_crane_FU_INDE_RE_INDE_status_4_iter_15,M_GMW,120,1.1319914311061914,18024,2
overhead_crane_FU_INDE_RE_INDE_status_4_iter_15,PM_PROJECT,26,-1.5762313257475498,14192.0,0
overhead_crane_FU_INDE_RE_INDE_status_4_iter_15,PM_MIRROR,27,-5.789342275854063,11244.0,0
overhead_crane_FU_INDE_RE_INDE_status_4_iter_15,PM_GMW,21,-5.789342276151007,1792.0,0
overhead_crane_FU_INDE_RE_INDE_status_4_iter_16,NO_REGULARIZE,5,0.47164880873464027,331,1
overhead_crane_FU_INDE_RE_INDE_status_4_iter_16,M_PROJECT,5,0.47164880873464027,475,1
overhead_crane_FU_INDE_RE_INDE_status_4_iter_16,M_MIRROR,18,-3.9381811769528623,3120,0
overhead_crane_FU_INDE_RE_INDE_status_4_iter_16,M_GMW,18,-3.93818117680021,1500,0
overhead_crane_FU_INDE_RE_INDE_status_4_iter_16,PM_PROJECT,19,-3.938181178756441,3034.0,0
overhead_crane_FU_INDE_RE_INDE_status_4_iter_16,PM_MIRROR,18,-3.938181176501812,2954.0,0
overhead_crane_FU_INDE_RE_INDE_status_4_iter_16,PM_GMW,18,-3.9381811765872223,1496.0,0
overhead_crane_FU_INDE_RE_INDE_status_4_iter_17,NO_REGULARIZE,7,0.19714232398456605,512,1
overhead_crane_FU_INDE_RE_INDE_status_4_iter_17,M_PROJECT,7,0.19714232398456605,627,1
overhead_crane_FU_INDE_RE_INDE_status_4_iter_17,M_MIRROR,16,-0.1108447126566699,1784,0
overhead_crane_FU_INDE_RE_INDE_status_4_iter_17,M_GMW,16,-0.11084471265666179,1298,0
overhead_crane_FU_INDE_RE_INDE_status_4_iter_17,PM_PROJECT,16,-0.1108447126567311,2794.0,0
overhead_crane_FU_INDE_RE_INDE_status_4_iter_17,PM_MIRROR,16,-0.11084471265305626,2794.0,0
overhead_crane_FU_INDE_RE_INDE_status_4_iter_17,PM_GMW,16,-0.1108447126529955,1336.0,0
overhead_crane_FU_INDE_RE_INDE_status_4_iter_18,NO_REGULARIZE,15,-0.12977441079291355,1200,0
overhead_crane_FU_INDE_RE_INDE_status_4_iter_18,M_PROJECT,15,-0.12977441079291355,1200,0
overhead_crane_FU_INDE_RE_INDE_status_4_iter_18,M_MIRROR,15,-0.12977441079291355,1200,0
overhead_crane_FU_INDE_RE_INDE_status_4_iter_18,M_GMW,15,-0.12977441079291355,1200,0
overhead_crane_FU_INDE_RE_INDE_status_4_iter_18,PM_PROJECT,15,-0.12977441079291355,1200,0
overhead_crane_FU_INDE_RE_INDE_status_4_iter_18,PM_MIRROR,15,-0.12977441079291355,1200,0
overhead_crane_FU_INDE_RE_INDE_status_4_iter_18,PM_GMW,15,-0.12977441079291355,1200,0
overhead_crane_FU_INDE_RE_INDE_status_4_iter_19,NO_REGULARIZE,7,0.5598169824689194,493,1
overhead_crane_FU_INDE_RE_INDE_status_4_iter_19,M_PROJECT,7,0.5598169824689194,637,1
overhead_crane_FU_INDE_RE_INDE_status_4_iter_19,M_MIRROR,120,-0.6505431734377652,108608,2
overhead_crane_FU_INDE_RE_INDE_status_4_iter_19,M_GMW,120,-0.6505443033201905,12700,2
overhead_crane_FU_INDE_RE_INDE_status_4_iter_19,PM_PROJECT,120,-0.6505422411121187,74702.0,2
overhead_crane_FU_INDE_RE_INDE_status_4_iter_19,PM_MIRROR,31,-0.6505445104120814,19134.0,0
overhead_crane_FU_INDE_RE_INDE_status_4_iter_19,PM_GMW,54,-0.6505445104120804,6280.0,0
overhead_crane_FU_INDE_RE_INDE_status_4_iter_20,NO_REGULARIZE,9,0.01481577270825795,653,1
overhead_crane_FU_INDE_RE_INDE_status_4_iter_20,M_PROJECT,9,0.01481577270825795,768,1
overhead_crane_FU_INDE_RE_INDE_status_4_iter_20,M_MIRROR,18,-0.06302614574793719,3008,0
overhead_crane_FU_INDE_RE_INDE_status_4_iter_20,M_GMW,18,-0.06302614573863896,1496,0
overhead_crane_FU_INDE_RE_INDE_status_4_iter_20,PM_PROJECT,18,-0.06302614574137672,2954.0,0
overhead_crane_FU_INDE_RE_INDE_status_4_iter_20,PM_MIRROR,18,-0.06302614573340104,2954.0,0
overhead_crane_FU_INDE_RE_INDE_status_4_iter_20,PM_GMW,18,-0.06302614573115263,1496.0,0
overhead_crane_FU_INDE_RE_INDE_status_4_iter_21,NO_REGULARIZE,4,0.13049689217376192,252,1
overhead_crane_FU_INDE_RE_INDE_status_4_iter_21,M_PROJECT,4,0.13049689217376192,367,1
overhead_crane_FU_INDE_RE_INDE_status_4_iter_21,M_MIRROR,35,-13.457331101328702,24864,0
overhead_crane_FU_INDE_RE_INDE_status_4_iter_21,M_GMW,34,-13.45733110132863,3508,0
overhead_crane_FU_INDE_RE_INDE_status_4_iter_21,PM_PROJECT,25,-13.457331101328673,8056.0,0
overhead_crane_FU_INDE_RE_INDE_status_4_iter_21,PM_MIRROR,27,-13.457331101328657,11244.0,0
overhead_crane_FU_INDE_RE_INDE_status_4_iter_21,PM_GMW,25,-13.457331101328684,2224.0,0
overhead_crane_FU_INDE_RE_INDE_status_4_iter_22,NO_REGULARIZE,4,0.1040087431169811,252,1
overhead_crane_FU_INDE_RE_INDE_status_4_iter_22,M_PROJECT,4,0.1040087431169811,338,1
overhead_crane_FU_INDE_RE_INDE_status_4_iter_22,M_MIRROR,33,-9.81293133760915,21288,0
overhead_crane_FU_INDE_RE_INDE_status_4_iter_22,M_GMW,33,-9.812931337609134,3306,0
overhead_crane_FU_INDE_RE_INDE_status_4_iter_22,PM_PROJECT,25,-9.812931337609141,6542.0,0
overhead_crane_FU_INDE_RE_INDE_status_4_iter_22,PM_MIRROR,25,-9.812931337609154,6542.0,0
overhead_crane_FU_INDE_RE_INDE_status_4_iter_22,PM_GMW,25,-9.812931337609138,2168.0,0
overhead_crane_FU_INDE_RE_INDE_status_4_iter_23,NO_REGULARIZE,5,-1.4501998473858517,331,1
overhead_crane_FU_INDE_RE_INDE_status_4_iter_23,M_PROJECT,5,-1.4501998473858517,446,1
overhead_crane_FU_INDE_RE_INDE_status_4_iter_23,M_MIRROR,25,-12.689235347557425,7936,0
overhead_crane_FU_INDE_RE_INDE_status_4_iter_23,M_GMW,25,-12.689235347561503,2212,0
overhead_crane_FU_INDE_RE_INDE_status_4_iter_23,PM_PROJECT,24,-12.68923530771449,6462.0,0
overhead_crane_FU_INDE_RE_INDE_status_4_iter_23,PM_MIRROR,24,-12.689235336454564,6462.0,0
overhead_crane_FU_INDE_RE_INDE_status_4_iter_23,PM_GMW,24,-12.689235232915081,2088.0,0
overhead_crane_FU_INDE_RE_INDE_status_4_iter_24,NO_REGULARIZE,9,-9.997681078599221,658,1
overhead_crane_FU_INDE_RE_INDE_status_4_iter_24,M_PROJECT,9,-9.997681078599221,802,1
overhead_crane_FU_INDE_RE_INDE_status_4_iter_24,M_MIRROR,31,-12.952977178236067,6344,0
overhead_crane_FU_INDE_RE_INDE_status_4_iter_24,M_GMW,33,-12.952977178236065,2796,0
overhead_crane_FU_INDE_RE_INDE_status_4_iter_24,PM_PROJECT,27,-12.952977178236065,6702.0,0
overhead_crane_FU_INDE_RE_INDE_status_4_iter_24,PM_MIRROR,26,-12.952977178236068,3594.0,0
overhead_crane_FU_INDE_RE_INDE_status_4_iter_24,PM_GMW,29,-12.952977178236067,2488.0,0
overhead_crane_FU_INDE_RE_INDE_status_4_iter_25,NO_REGULARIZE,4,-0.24331686804264174,251,1
overhead_crane_FU_INDE_RE_INDE_status_4_iter_25,M_PROJECT,4,-0.24331686804264174,366,1
overhead_crane_FU_INDE_RE_INDE_status_4_iter_25,M_MIRROR,21,-6.183678279330282,3360,0
overhead_crane_FU_INDE_RE_INDE_status_4_iter_25,M_GMW,19,-6.183678278666312,1580,0
overhead_crane_FU_INDE_RE_INDE_status_4_iter_25,PM_PROJECT,21,-6.183678279330291,3194.0,0
overhead_crane_FU_INDE_RE_INDE_status_4_iter_25,PM_MIRROR,18,-6.183678276562633,2954.0,0
overhead_crane_FU_INDE_RE_INDE_status_4_iter_25,PM_GMW,20,-6.183678279330101,1656.0,0
overhead_crane_FU_INDE_RE_INDE_status_4_iter_26,NO_REGULARIZE,4,0.9273763342517839,244,1
overhead_crane_FU_INDE_RE_INDE_status_4_iter_26,M_PROJECT,4,0.9273763342517839,417,1
overhead_crane_FU_INDE_RE_INDE_status_4_iter_26,M_MIRROR,24,-7.031634364627175,10152,0
overhead_crane_FU_INDE_RE_INDE_status_4_iter_26,M_GMW,24,-7.031634364622016,2248,0
overhead_crane_FU_INDE_RE_INDE_status_4_iter_26,PM_PROJECT,22,-7.031634364620842,6302.0,0
overhead_crane_FU_INDE_RE_INDE_status_4_iter_26,PM_MIRROR,22,-7.031634359255354,7816.0,0
overhead_crane_FU_INDE_RE_INDE_status_4_iter_26,PM_GMW,22,-7.031634364633331,1872.0,0
overhead_crane_FU_INDE_RE_INDE_status_4_iter_27,NO_REGULARIZE,4,0.9987966406109728,245,1
overhead_crane_FU_INDE_RE_INDE_status_4_iter_27,M_PROJECT,4,0.9987966406109728,360,1
overhead_crane_FU_INDE_RE_INDE_status_4_iter_27,M_MIRROR,120,0.6761029172313364,235168,2
overhead_crane_FU_INDE_RE_INDE_status_4_iter_27,M_GMW,120,0.6360124653663787,17826,2
overhead_crane_FU_INDE_RE_INDE_status_4_iter_27,PM_PROJECT,31,-15.945212873582491,25190.0,0
overhead_crane_FU_INDE_RE_INDE_status_4_iter_27,PM_MIRROR,33,-6.140273382412372,16266.0,0
overhead_crane_FU_INDE_RE_INDE_status_4_iter_27,PM_GMW,32,-15.945212873569698,3400.0,0
overhead_crane_FU_INDE_RE_INDE_status_4_iter_28,NO_REGULARIZE,4,-0.39856948807370607,258,1
overhead_crane_FU_INDE_RE_INDE_status_4_iter_28,M_PROJECT,4,nan,712,3
overhead_crane_FU_INDE_RE_INDE_status_4_iter_28,M_MIRROR,22,-17.241614585354693,6408,0
overhead_crane_FU_INDE_RE_INDE_status_4_iter_28,M_GMW,22,-17.24161458730652,1926,0
overhead_crane_FU_INDE_RE_INDE_status_4_iter_28,PM_PROJECT,22,-17.241614584691348,9330.0,0
overhead_crane_FU_INDE_RE_INDE_status_4_iter_28,PM_MIRROR,21,-17.241614584955254,6222.0,0
overhead_crane_FU_INDE_RE_INDE_status_4_iter_28,PM_GMW,22,-17.241614589146597,1928.0,0
overhead_crane_FU_INDE_RE_INDE_status_4_iter_29,NO_REGULARIZE,19,-4.184433684417909,1520,0
overhead_crane_FU_INDE_RE_INDE_status_4_iter_29,M_PROJECT,19,-4.184433684417909,1520,0
overhead_crane_FU_INDE_RE_INDE_status_4_iter_29,M_MIRROR,19,-4.184433684417909,1520,0
overhead_crane_FU_INDE_RE_INDE_status_4_iter_29,M_GMW,19,-4.184433684417909,1520,0
overhead_crane_FU_INDE_RE_INDE_status_4_iter_29,PM_PROJECT,19,-4.184433684417909,1520,0
overhead_crane_FU_INDE_RE_INDE_status_4_iter_29,PM_MIRROR,19,-4.184433684417909,1520,0
overhead_crane_FU_INDE_RE_INDE_status_4_iter_29,PM_GMW,19,-4.184433684417909,1520,0
overhead_crane_FU_INDE_RE_INDE_status_4_iter_30,NO_REGULARIZE,6,-0.25327966265295243,425,1
overhead_crane_FU_INDE_RE_INDE_status_4_iter_30,M_PROJECT,6,-0.25327966265295243,627,1
overhead_crane_FU_INDE_RE_INDE_status_4_iter_30,M_MIRROR,22,-3.6937157328621892,2656,0
overhead_crane_FU_INDE_RE_INDE_status_4_iter_30,M_GMW,22,-3.693715732862195,1792,0
overhead_crane_FU_INDE_RE_INDE_status_4_iter_30,PM_PROJECT,22,-3.6937157328621923,3274.0,0
overhead_crane_FU_INDE_RE_INDE_status_4_iter_30,PM_MIRROR,22,-3.693715732862185,3274.0,0
overhead_crane_FU_INDE_RE_INDE_status_4_iter_30,PM_GMW,21,-3.6937157328615,1736.0,0
overhead_crane_FU_INDE_RE_INDE_status_4_iter_31,NO_REGULARIZE,3,-0.834797458058594,179,1
overhead_crane_FU_INDE_RE_INDE_status_4_iter_31,M_PROJECT,3,nan,632,3
overhead_crane_FU_INDE_RE_INDE_status_4_iter_31,M_MIRROR,25,-32.03909099114465,6984,0
overhead_crane_FU_INDE_RE_INDE_status_4_iter_31,M_GMW,25,-32.03909099115261,2178,0
overhead_crane_FU_INDE_RE_INDE_status_4_iter_31,PM_PROJECT,24,-32.03909099050417,6462.0,0
overhead_crane_FU_INDE_RE_INDE_status_4_iter_31,PM_MIRROR,26,-32.0390909849228,9650.0,0
overhead_crane_FU_INDE_RE_INDE_status_4_iter_31,PM_GMW,26,-32.03909099117516,2304.0,0
overhead_crane_FU_INDE_RE_INDE_status_4_iter_32,NO_REGULARIZE,14,-0.2659108582277031,1120,0
overhead_crane_FU_INDE_RE_INDE_status_4_iter_32,M_PROJECT,14,-0.2659108582277031,1120,0
overhead_crane_FU_INDE_RE_INDE_status_4_iter_32,M_MIRROR,14,-0.2659108582277031,1120,0
overhead_crane_FU_INDE_RE_INDE_status_4_iter_32,M_GMW,14,-0.2659108582277031,1120,0
overhead_crane_FU_INDE_RE_INDE_status_4_iter_32,PM_PROJECT,14,-0.2659108582277031,1120,0
overhead_crane_FU_INDE_RE_INDE_status_4_iter_32,PM_MIRROR,14,-0.2659108582277031,1120,0
overhead_crane_FU_INDE_RE_INDE_status_4_iter_32,PM_GMW,14,-0.2659108582277031,1120,0
overhead_crane_FU_INDE_RE_INDE_status_4_iter_33,NO_REGULARIZE,26,-55.258628674270085,2080,0
overhead_crane_FU_INDE_RE_INDE_status_4_iter_33,M_PROJECT,26,-55.258628674270085,2080,0
overhead_crane_FU_INDE_RE_INDE_status_4_iter_33,M_MIRROR,26,-55.258628674270085,2080,0
overhead_crane_FU_INDE_RE_INDE_status_4_iter_33,M_GMW,26,-55.258628674270085,2080,0
overhead_crane_FU_INDE_RE_INDE_status_4_iter_33,PM_PROJECT,26,-55.258628674270085,2080,0
overhead_crane_FU_INDE_RE_INDE_status_4_iter_33,PM_MIRROR,26,-55.258628674270085,2080,0
overhead_crane_FU_INDE_RE_INDE_status_4_iter_33,PM_GMW,26,-55.258628674270085,2080,0
overhead_crane_FU_INDE_RE_INDE_status_4_iter_34,NO_REGULARIZE,18,-6.3940811963488215,1440,0
overhead_crane_FU_INDE_RE_INDE_status_4_iter_34,M_PROJECT,18,-6.3940811963488215,1440,0
overhead_crane_FU_INDE_RE_INDE_status_4_iter_34,M_MIRROR,18,-6.3940811963488215,1440,0
overhead_crane_FU_INDE_RE_INDE_status_4_iter_34,M_GMW,18,-6.3940811963488215,1440,0
overhead_crane_FU_INDE_RE_INDE_status_4_iter_34,PM_PROJECT,18,-6.3940811963488215,1440,0
overhead_crane_FU_INDE_RE_INDE_status_4_iter_34,PM_MIRROR,18,-6.3940811963488215,1440,0
overhead_crane_FU_INDE_RE_INDE_status_4_iter_34,PM_GMW,18,-6.3940811963488215,1440,0
overhead_crane_FU_INDE_RE_INDE_status_4_iter_35,NO_REGULARIZE,13,-0.5710664904058316,1040,0
overhead_crane_FU_INDE_RE_INDE_status_4_iter_35,M_PROJECT,13,-0.5710664904058316,1040,0
overhead_crane_FU_INDE_RE_INDE_status_4_iter_35,M_MIRROR,13,-0.5710664904058316,1040,0
overhead_crane_FU_INDE_RE_INDE_status_4_iter_35,M_GMW,13,-0.5710664904058316,1040,0
overhead_crane_FU_INDE_RE_INDE_status_4_iter_35,PM_PROJECT,13,-0.5710664904058316,1040,0
overhead_crane_FU_INDE_RE_INDE_status_4_iter_35,PM_MIRROR,13,-0.5710664904058316,1040,0
overhead_crane_FU_INDE_RE_INDE_status_4_iter_35,PM_GMW,13,-0.5710664904058316,1040,0
overhead_crane_FU_INDE_RE_INDE_status_4_iter_36,NO_REGULARIZE,17,-3.380262251610554,1360,0
overhead_crane_FU_INDE_RE_INDE_status_4_iter_36,M_PROJECT,17,-3.380262251610554,1360,0
overhead_crane_FU_INDE_RE_INDE_status_4_iter_36,M_MIRROR,17,-3.380262251610554,1360,0
overhead_crane_FU_INDE_RE_INDE_status_4_iter_36,M_GMW,17,-3.380262251610554,1360,0
overhead_crane_FU_INDE_RE_INDE_status_4_iter_36,PM_PROJECT,17,-3.380262251610554,1360,0
overhead_crane_FU_INDE_RE_INDE_status_4_iter_36,PM_MIRROR,17,-3.380262251610554,1360,0
overhead_crane_FU_INDE_RE_INDE_status_4_iter_36,PM_GMW,17,-3.380262251610554,1360,0
overhead_crane_FU_INDE_RE_INDE_status_4_iter_37,NO_REGULARIZE,7,0.302493079057802,509,1
overhead_crane_FU_INDE_RE_INDE_status_4_iter_37,M_PROJECT,7,nan,896,3
overhead_crane_FU_INDE_RE_INDE_status_4_iter_37,M_MIRROR,39,-10.352395334663349,8720,0
overhead_crane_FU_INDE_RE_INDE_status_4_iter_37,M_GMW,38,-10.352395329715792,3238,0
overhead_crane_FU_INDE_RE_INDE_status_4_iter_37,PM_PROJECT,42,-10.352395337182324,23042.0,0
overhead_crane_FU_INDE_RE_INDE_status_4_iter_37,PM_MIRROR,48,-10.352395330212973,29578.0,0
overhead_crane_FU_INDE_RE_INDE_status_4_iter_37,PM_GMW,41,-10.352395341045932,3952.0,0
overhead_crane_FU_INDE_RE_INDE_status_4_iter_38,NO_REGULARIZE,9,-0.25281602219515875,669,1
overhead_crane_FU_INDE_RE_INDE_status_4_iter_38,M_PROJECT,9,-0.25281602219515875,813,1
overhead_crane_FU_INDE_RE_INDE_status_4_iter_38,M_MIRROR,17,-0.5638513933853426,2760,0
overhead_crane_FU_INDE_RE_INDE_status_4_iter_38,M_GMW,17,-0.5638513991084938,1410,0
overhead_crane_FU_INDE_RE_INDE_status_4_iter_38,PM_PROJECT,16,-0.5638514548085868,2794.0,0
overhead_crane_FU_INDE_RE_INDE_status_4_iter_38,PM_MIRROR,15,-0.563851375432288,2714.0,0
overhead_crane_FU_INDE_RE_INDE_status_4_iter_38,PM_GMW,15,-0.5638513574155065,1256.0,0
overhead_crane_FU_INDE_RE_INDE_status_4_iter_39,NO_REGULARIZE,17,-2.8904409424472033,1360,0
overhead_crane_FU_INDE_RE_INDE_status_4_iter_39,M_PROJECT,17,-2.8904409424472033,1360,0
overhead_crane_FU_INDE_RE_INDE_status_4_iter_39,M_MIRROR,17,-2.8904409424472033,1360,0
overhead_crane_FU_INDE_RE_INDE_status_4_iter_39,M_GMW,17,-2.8904409424472033,1360,0
overhead_crane_FU_INDE_RE_INDE_status_4_iter_39,PM_PROJECT,17,-2.8904409424472033,1360,0
overhead_crane_FU_INDE_RE_INDE_status_4_iter_39,PM_MIRROR,17,-2.8904409424472033,1360,0
overhead_crane_FU_INDE_RE_INDE_status_4_iter_39,PM_GMW,17,-2.8904409424472033,1360,0
pendulum_cons_FU_INDE_RE_INDE_status_4_iter_0,NO_REGULARIZE,1,0.0,25,1
pendulum_cons_FU_INDE_RE_INDE_status_4_iter_0,M_PROJECT,12,-312.34346581379253,712,0
pendulum_cons_FU_INDE_RE_INDE_status_4_iter_0,M_MIRROR,10,-315.7390761933996,612,0
pendulum_cons_FU_INDE_RE_INDE_status_4_iter_0,M_GMW,10,-315.7390761933996,504,0
pendulum_cons_FU_INDE_RE_INDE_status_4_iter_0,PM_PROJECT,10,-315.7390760472775,7524.0,0
pendulum_cons_FU_INDE_RE_INDE_status_4_iter_0,PM_MIRROR,10,-315.73907619689925,7524.0,0
pendulum_cons_FU_INDE_RE_INDE_status_4_iter_0,PM_GMW,10,-315.73907619659275,760.0,0
pendulum_cons_FU_INDE_RE_INDE_status_4_iter_1,NO_REGULARIZE,9,-191.3673022812078,425,1
pendulum_cons_FU_INDE_RE_INDE_status_4_iter_1,M_PROJECT,23,-239.69633920312194,1206,0
pendulum_cons_FU_INDE_RE_INDE_status_4_iter_1,M_MIRROR,24,-239.6963392020155,1256,0
pendulum_cons_FU_INDE_RE_INDE_status_4_iter_1,M_GMW,24,-239.6963392020155,1202,0
pendulum_cons_FU_INDE_RE_INDE_status_4_iter_1,PM_PROJECT,23,-239.69633919750873,4662.0,0
pendulum_cons_FU_INDE_RE_INDE_status_4_iter_1,PM_MIRROR,24,-239.6963392037419,4712.0,0
pendulum_cons_FU_INDE_RE_INDE_status_4_iter_1,PM_GMW,23,-239.6963392037601,1280.0,0
pendulum_cons_FU_INDE_RE_INDE_status_4_iter_10,NO_REGULARIZE,2,-0.8490179378030227,75,1
pendulum_cons_FU_INDE_RE_INDE_status_4_iter_10,M_PROJECT,11,-19.075983287037403,606,0
pendulum_cons_FU_INDE_RE_INDE_status_4_iter_10,M_MIRROR,11,-19.075982831708796,606,0
pendulum_cons_FU_INDE_RE_INDE_status_4_iter_10,M_GMW,11,-19.075982831708796,552,0
pendulum_cons_FU_INDE_RE_INDE_status_4_iter_10,PM_PROJECT,10,-19.07598558061069,4012.0,0
pendulum_cons_FU_INDE_RE_INDE_status_4_iter_10,PM_MIRROR,10,-19.075982265103683,4012.0,0
pendulum_cons_FU_INDE_RE_INDE_status_4_iter_10,PM_GMW,11,-19.075983245994767,680.0,0
pendulum_cons_FU_INDE_RE_INDE_status_4_iter_11,NO_REGULARIZE,2,-3.1692505132867375,74,1
pendulum_cons_FU_INDE_RE_INDE_status_4_iter_11,M_PROJECT,47,-698.1151764474889,6046,0
pendulum_cons_FU_INDE_RE_INDE_status_4_iter_11,M_MIRROR,35,-698.1151764467788,3206,0
pendulum_cons_FU_INDE_RE_INDE_status_4_iter_11,M_GMW,35,-698.1151764467788,1802,0
pendulum_cons_FU_INDE_RE_INDE_status_4_iter_11,PM_PROJECT,35,-698.1151764475071,54430.0,0
pendulum_cons_FU_INDE_RE_INDE_status_4_iter_11,PM_MIRROR,33,-698.1151763746049,50818.0,0
pendulum_cons_FU_INDE_RE_INDE_status_4_iter_11,PM_GMW,34,-698.1151764471714,3780.0,0
pendulum_cons_FU_INDE_RE_INDE_status_4_iter_12,NO_REGULARIZE,4,0.9020043818992409,174,1
pendulum_cons_FU_INDE_RE_INDE_status_4_iter_12,M_PROJECT,19,-50.28454063861187,1566,0
pendulum_cons_FU_INDE_RE_INDE_status_4_iter_12,M_MIRROR,15,-50.284540400527206,1310,0
pendulum_cons_FU_INDE_RE_INDE_status_4_iter_12,M_GMW,15,-50.284540400527206,770,0
pendulum_cons_FU_INDE_RE_INDE_status_4_iter_12,PM_PROJECT,15,-50.2845406385987,7774.0,0
pendulum_cons_FU_INDE_RE_INDE_status_4_iter_12,PM_MIRROR,15,-50.28454063854696,18310.0,0
pendulum_cons_FU_INDE_RE_INDE_status_4_iter_12,PM_GMW,16,-50.284540638538914,1320.0,0
pendulum_cons_FU_INDE_RE_INDE_status_4_iter_14,NO_REGULARIZE,2,10.132760143131087,71,1
pendulum_cons_FU_INDE_RE_INDE_status_4_iter_14,M_PROJECT,120,3.972988603776212,34000,2
pendulum_cons_FU_INDE_RE_INDE_status_4_iter_14,M_MIRROR,18,-49.381954105785624,1292,0
pendulum_cons_FU_INDE_RE_INDE_status_4_iter_14,M_GMW,18,-49.381954105785624,914,0
pendulum_cons_FU_INDE_RE_INDE_status_4_iter_14,PM_PROJECT,32,-82.9907523683305,128032.0,0
pendulum_cons_FU_INDE_RE_INDE_status_4_iter_14,PM_MIRROR,52,-182.85301827930542,234392.0,0
pendulum_cons_FU_INDE_RE_INDE_status_4_iter_14,PM_GMW,31,-82.99075236860406,4280.0,0
pendulum_cons_FU_INDE_RE_INDE_status_4_iter_15,NO_REGULARIZE,2,7.7342777272181475,74,1
pendulum_cons_FU_INDE_RE_INDE_status_4_iter_15,M_PROJECT,14,nan,4060,3
pendulum_cons_FU_INDE_RE_INDE_status_4_iter_15,M_MIRROR,32,-129.17656328414654,4288,0
pendulum_cons_FU_INDE_RE_INDE_status_4_iter_15,M_GMW,32,-129.17656328414654,1696,0
pendulum_cons_FU_INDE_RE_INDE_status_4_iter_15,PM_PROJECT,26,-129.17656328414657,71540.0,0
pendulum_cons_FU_INDE_RE_INDE_status_4_iter_15,PM_MIRROR,24,-129.1765632841462,39832.0,0
pendulum_cons_FU_INDE_RE_INDE_status_4_iter_15,PM_GMW,31,-96.27691595236556,6750.0,0
pendulum_cons_FU_INDE_RE_INDE_status_4_iter_16,NO_REGULARIZE,4,-1.5433981370724439,175,1
pendulum_cons_FU_INDE_RE_INDE_status_4_iter_16,M_PROJECT,23,-91.50889744886356,1374,0
pendulum_cons_FU_INDE_RE_INDE_status_4_iter_16,M_MIRROR,23,-91.50889744873723,1374,0
pendulum_cons_FU_INDE_RE_INDE_status_4_iter_16,M_GMW,23,-91.50889744873723,1158,0
pendulum_cons_FU_INDE_RE_INDE_status_4_iter_16,PM_PROJECT,23,-91.50889731980918,11686.0,0
pendulum_cons_FU_INDE_RE_INDE_status_4_iter_16,PM_MIRROR,23,-91.50889744886489,22222.0,0
pendulum_cons_FU_INDE_RE_INDE_status_4_iter_16,PM_GMW,26,-91.50889744831608,3510.0,0
pendulum_cons_FU_INDE_RE_INDE_status_4_iter_17,NO_REGULARIZE,2,0.6297236715900328,71,1
pendulum_cons_FU_INDE_RE_INDE_status_4_iter_17,M_PROJECT,23,-139.24505654591826,1542,0
pendulum_cons_FU_INDE_RE_INDE_status_4_iter_17,M_MIRROR,26,-139.24505654618534,2028,0
pendulum_cons_FU_INDE_RE_INDE_status_4_iter_17,M_GMW,26,-139.24505654618534,1326,0
pendulum_cons_FU_INDE_RE_INDE_status_4_iter_17,PM_PROJECT,22,-139.24505654617508,22172.0,0
pendulum_cons_FU_INDE_RE_INDE_status_4_iter_17,PM_MIRROR,23,-139.24505654618605,29246.0,0
pendulum_cons_FU_INDE_RE_INDE_status_4_iter_17,PM_GMW,36,-139.24505654618588,4920.0,0
pendulum_cons_FU_INDE_RE_INDE_status_4_iter_18,NO_REGULARIZE,2,-0.17829103742262514,75,1
pendulum_cons_FU_INDE_RE_INDE_status_4_iter_18,M_PROJECT,20,-90.13309184414163,1112,0
pendulum_cons_FU_INDE_RE_INDE_status_4_iter_18,M_MIRROR,18,-90.13309184379966,956,0
pendulum_cons_FU_INDE_RE_INDE_status_4_iter_18,M_GMW,18,-90.13309184379966,902,0
pendulum_cons_FU_INDE_RE_INDE_status_4_iter_18,PM_PROJECT,19,-90.13309177489178,7974.0,0
pendulum_cons_FU_INDE_RE_INDE_status_4_iter_18,PM_MIRROR,18,-90.13309184120489,4412.0,0
pendulum_cons_FU_INDE_RE_INDE_status_4_iter_18,PM_GMW,23,-38.21732370634243,2970.0,0
pendulum_cons_FU_INDE_RE_INDE_status_4_iter_19,NO_REGULARIZE,2,-2.0623966710311095,71,1
pendulum_cons_FU_INDE_RE_INDE_status_4_iter_19,M_PROJECT,30,-127.3478773188515,3684,0
pendulum_cons_FU_INDE_RE_INDE_status_4_iter_19,M_MIRROR,32,-127.34787729916464,3616,0
pendulum_cons_FU_INDE_RE_INDE_status_4_iter_19,M_GMW,32,-127.34787729916464,1672,0
pendulum_cons_FU_INDE_RE_INDE_status_4_iter_19,PM_PROJECT,31,-396.0569819480257,26134.0,0
pendulum_cons_FU_INDE_RE_INDE_status_4_iter_19,PM_MIRROR,38,-396.05698194752233,79164.0,0
pendulum_cons_FU_INDE_RE_INDE_status_4_iter_19,PM_GMW,44,-127.34787734539862,6490.0,0
pendulum_cons_FU_INDE_RE_INDE_status_4_iter_2,NO_REGULARIZE,11,-21.126508710140524,525,1
pendulum_cons_FU_INDE_RE_INDE_status_4_iter_2,M_PROJECT,23,-50.249504697519946,1374,0
pendulum_cons_FU_INDE_RE_INDE_status_4_iter_2,M_MIRROR,23,-50.24950469752131,1430,0
pendulum_cons_FU_INDE_RE_INDE_status_4_iter_2,M_GMW,23,-50.24950469752131,1160,0
pendulum_cons_FU_INDE_RE_INDE_status_4_iter_2,PM_PROJECT,23,-50.249504697521424,18710.0,0
pendulum_cons_FU_INDE_RE_INDE_status_4_iter_2,PM_MIRROR,22,-50.24950460376808,18660.0,0
pendulum_cons_FU_INDE_RE_INDE_status_4_iter_2,PM_GMW,22,-50.24950469752021,1620.0,0
pendulum_cons_FU_INDE_RE_INDE_status_4_iter_3,NO_REGULARIZE,2,-39.93270490519383,71,1
pendulum_cons_FU_INDE_RE_INDE_status_4_iter_3,M_PROJECT,11,-128.01156994572284,998,0
pendulum_cons_FU_INDE_RE_INDE_status_4_iter_3,M_MIRROR,10,-128.0115696915186,948,0
pendulum_cons_FU_INDE_RE_INDE_status_4_iter_3,M_GMW,10,-128.0115696915186,516,0
pendulum_cons_FU_INDE_RE_INDE_status_4_iter_3,PM_PROJECT,10,-128.01156994294254,7524.0,0
pendulum_cons_FU_INDE_RE_INDE_status_4_iter_3,PM_MIRROR,10,-128.01156992972903,7524.0,0
pendulum_cons_FU_INDE_RE_INDE_status_4_iter_3,PM_GMW,10,-128.01156994480965,760.0,0
pendulum_cons_FU_INDE_RE_INDE_status_4_iter_4,NO_REGULARIZE,2,-18.281632441534192,68,1
pendulum_cons_FU_INDE_RE_INDE_status_4_iter_4,M_PROJECT,2,-18.281632441534192,271,1
pendulum_cons_FU_INDE_RE_INDE_status_4_iter_4,M_MIRROR,61,-347.40623888773075,9658,0
pendulum_cons_FU_INDE_RE_INDE_status_4_iter_4,M_GMW,61,-347.40623888773075,3286,0
pendulum_cons_FU_INDE_RE_INDE_status_4_iter_4,PM_PROJECT,46,-347.40623888475307,79564.0,0
pendulum_cons_FU_INDE_RE_INDE_status_4_iter_4,PM_MIRROR,50,-347.40623888808847,90300.0,0
pendulum_cons_FU_INDE_RE_INDE_status_4_iter_4,PM_GMW,47,-347.40623888817265,5210.0,0
pendulum_cons_FU_INDE_RE_INDE_status_4_iter_6,NO_REGULARIZE,7,-155.43958576532012,325,1
pendulum_cons_FU_INDE_RE_INDE_status_4_iter_6,M_PROJECT,13,nan,1210,3
pendulum_cons_FU_INDE_RE_INDE_status_4_iter_6,M_MIRROR,38,-935.9844749532108,3076,0
pendulum_cons_FU_INDE_RE_INDE_status_4_iter_6,M_GMW,38,-935.9844749532108,1942,0
pendulum_cons_FU_INDE_RE_INDE_status_4_iter_6,PM_PROJECT,38,-935.9844749524641,33508.0,0
pendulum_cons_FU_INDE_RE_INDE_status_4_iter_6,PM_MIRROR,42,-935.9844749534781,47756.0,0
pendulum_cons_FU_INDE_RE_INDE_status_4_iter_6,PM_GMW,37,-935.9844746456589,3280.0,0
pendulum_cons_FU_INDE_RE_INDE_status_4_iter_7,NO_REGULARIZE,1,0.0,24,1
pendulum_cons_FU_INDE_RE_INDE_status_4_iter_7,M_PROJECT,13,nan,1658,3
pendulum_cons_FU_INDE_RE_INDE_status_4_iter_7,M_MIRROR,16,-1261.864405007716,2760,0
pendulum_cons_FU_INDE_RE_INDE_status_4_iter_7,M_GMW,16,-1261.864405007716,870,0
pendulum_cons_FU_INDE_RE_INDE_status_4_iter_7,PM_PROJECT,14,-1261.8644050066896,18260.0,0
pendulum_cons_FU_INDE_RE_INDE_status_4_iter_7,PM_MIRROR,45,-925.1259119268939,86538.0,0
pendulum_cons_FU_INDE_RE_INDE_status_4_iter_7,PM_GMW,34,-925.1259119268931,3390.0,0
pendulum_cons_FU_INDE_RE_INDE_status_4_iter_8,NO_REGULARIZE,1,0.0,24,1
pendulum_cons_FU_INDE_RE_INDE_status_4_iter_8,M_PROJECT,38,-1646.9360043997226,3076,0
pendulum_cons_FU_INDE_RE_INDE_status_4_iter_8,M_MIRROR,32,-1646.9360043997108,1880,0
pendulum_cons_FU_INDE_RE_INDE_status_4_iter_8,M_GMW,32,-1646.9360043997108,1610,0
pendulum_cons_FU_INDE_RE_INDE_status_4_iter_8,PM_PROJECT,27,-430.88406599543976,32958.0,0
pendulum_cons_FU_INDE_RE_INDE_status_4_iter_8,PM_MIRROR,32,-430.8840659956711,36720.0,0
pendulum_cons_FU_INDE_RE_INDE_status_4_iter_8,PM_GMW,28,-430.8840659955999,2700.0,0
pendulum_cons_FU_INDE_RE_INDE_status_4_iter_9,NO_REGULARIZE,3,-98.08744047952543,125,1
pendulum_cons_FU_INDE_RE_INDE_status_4_iter_9,M_PROJECT,16,nan,1584,3
pendulum_cons_FU_INDE_RE_INDE_status_4_iter_9,M_MIRROR,30,-294.22428646832907,2452,0
pendulum_cons_FU_INDE_RE_INDE_status_4_iter_9,M_GMW,30,-294.22428646832907,1534,0
pendulum_cons_FU_INDE_RE_INDE_status_4_iter_9,PM_PROJECT,23,-294.2242865064959,32758.0,0
pendulum_cons_FU_INDE_RE_INDE_status_4_iter_9,PM_MIRROR,28,-294.2242865065067,57592.0,0
pendulum_cons_FU_INDE_RE_INDE_status_4_iter_9,PM_GMW,35,-294.2242865065558,5130.0,0
robot_FU_INDE_RE_INDE_status_4_iter_0,NO_REGULARIZE,3,-0.08724238287504073,146,1
robot_FU_INDE_RE_INDE_status_4_iter_0,M_PROJECT,3,-0.08724238287504073,290,1
robot_FU_INDE_RE_INDE_status_4_iter_0,M_MIRROR,33,-31.906581596374842,9148,0
robot_FU_INDE_RE_INDE_status_4_iter_0,M_GMW,23,-29.124549312531535,1442,0
robot_FU_INDE_RE_INDE_status_4_iter_0,PM_PROJECT,120,-10.314912131224938,275600.0,2
robot_FU_INDE_RE_INDE_status_4_iter_0,PM_MIRROR,30,-28.918787928477222,42304.0,0
robot_FU_INDE_RE_INDE_status_4_iter_0,PM_GMW,26,-31.3155171197737,2172.0,0
robot_FU_INDE_RE_INDE_status_4_iter_1,NO_REGULARIZE,3,-0.08724238287504073,146,1
robot_FU_INDE_RE_INDE_status_4_iter_1,M_PROJECT,3,-0.08724238287504073,290,1
robot_FU_INDE_RE_INDE_status_4_iter_1,M_MIRROR,33,-31.906581596374842,9148,0
robot_FU_INDE_RE_INDE_status_4_iter_1,M_GMW,23,-29.124549312531535,1442,0
robot_FU_INDE_RE_INDE_status_4_iter_1,PM_PROJECT,120,-10.314912131224938,275600.0,2
robot_FU_INDE_RE_INDE_status_4_iter_1,PM_MIRROR,30,-28.918787928477222,42304.0,0
robot_FU_INDE_RE_INDE_status_4_iter_1,PM_GMW,26,-31.3155171197737,2172.0,0
robot_FU_INDE_RE_INDE_status_4_iter_10,NO_REGULARIZE,6,-0.02175767876203126,313,1
robot_FU_INDE_RE_INDE_status_4_iter_10,M_PROJECT,6,-0.02175767876203126,457,1
robot_FU_INDE_RE_INDE_status_4_iter_10,M_MIRROR,12,-0.05372586608977835,1728,0
robot_FU_INDE_RE_INDE_status_4_iter_10,M_GMW,12,-0.053725865577015836,756,0
robot_FU_INDE_RE_INDE_status_4_iter_10,PM_PROJECT,12,-0.0537258660916177,1208.0,0
robot_FU_INDE_RE_INDE_status_4_iter_10,PM_MIRROR,11,-0.05372586564698479,1148.0,0
robot_FU_INDE_RE_INDE_status_4_iter_10,PM_GMW,11,-0.05372586582007712,678.0,0
robot_FU_INDE_RE_INDE_status_4_iter_11,NO_REGULARIZE,8,-0.007403626647672265,433,1
robot_FU_INDE_RE_INDE_status_4_iter_11,M_PROJECT,8,-0.007403626647672265,577,1
robot_FU_INDE_RE_INDE_status_4_iter_11,M_MIRROR,17,-0.05070253672737074,2980,0
robot_FU_INDE_RE_INDE_status_4_iter_11,M_GMW,17,-0.05070253669233738,1090,0
robot_FU_INDE_RE_INDE_status_4_iter_11,PM_PROJECT,29,-0.05044217282537336,13452.0,0
robot_FU_INDE_RE_INDE_status_4_iter_11,PM_MIRROR,19,-0.05070253714077417,3580.0,0
robot_FU_INDE_RE_INDE_status_4_iter_11,PM_GMW,17,-0.050702535001264044,1056.0,0
robot_FU_INDE_RE_INDE_status_4_iter_12,NO_REGULARIZE,5,0.04274975026613757,250,1
robot_FU_INDE_RE_INDE_status_4_iter_12,M_PROJECT,5,0.04274975026613757,394,1
robot_FU_INDE_RE_INDE_status_4_iter_12,M_MIRROR,17,-0.046552356802428106,3148,0
robot_FU_INDE_RE_INDE_status_4_iter_12,M_GMW,15,-0.046552357118376235,976,0
robot_FU_INDE_RE_INDE_status_4_iter_12,PM_PROJECT,20,-0.046552357156447496,4616.0,0
robot_FU_INDE_RE_INDE_status_4_iter_12,PM_MIRROR,18,-0.046552356666631795,4984.0,0
robot_FU_INDE_RE_INDE_status_4_iter_12,PM_GMW,22,-0.04655234004993122,1500.0,0
robot_FU_INDE_RE_INDE_status_4_iter_13,NO_REGULARIZE,5,0.04437845043764338,250,1
robot_FU_INDE_RE_INDE_status_4_iter_13,M_PROJECT,5,0.04437845043764338,423,1
robot_FU_INDE_RE_INDE_status_4_iter_13,M_MIRROR,58,-0.04148241080533785,52088,0
robot_FU_INDE_RE_INDE_status_4_iter_13,M_GMW,120,0.017416544762509843,11906,2
robot_FU_INDE_RE_INDE_status_4_iter_13,PM_PROJECT,15,-0.04148241311715749,1876.0,0
robot_FU_INDE_RE_INDE_status_4_iter_13,PM_MIRROR,14,-0.041482413109909286,2304.0,0
robot_FU_INDE_RE_INDE_status_4_iter_13,PM_GMW,15,-0.04148241360804666,954.0,0
robot_FU_INDE_RE_INDE_status_4_iter_14,NO_REGULARIZE,11,-0.038140285230009674,660,0
robot_FU_INDE_RE_INDE_status_4_iter_14,M_PROJECT,11,-0.038140285230009674,660,0
robot_FU_INDE_RE_INDE_status_4_iter_14,M_MIRROR,11,-0.038140285230009674,660,0
robot_FU_INDE_RE_INDE_status_4_iter_14,M_GMW,11,-0.038140285230009674,660,0
robot_FU_INDE_RE_INDE_status_4_iter_14,PM_PROJECT,11,-0.038140285230009674,660,0
robot_FU_INDE_RE_INDE_status_4_iter_14,PM_MIRROR,11,-0.038140285230009674,660,0
robot_FU_INDE_RE_INDE_status_4_iter_14,PM_GMW,11,-0.038140285230009674,660,0
robot_FU_INDE_RE_INDE_status_4_iter_15,NO_REGULARIZE,5,0.046479096795410985,254,1
robot_FU_INDE_RE_INDE_status_4_iter_15,M_PROJECT,5,0.046479096795410985,398,1
robot_FU_INDE_RE_INDE_status_4_iter_15,M_MIRROR,12,-0.030252135582897598,3632,0
robot_FU_INDE_RE_INDE_status_4_iter_15,M_GMW,12,-0.03025213558942342,822,0
robot_FU_INDE_RE_INDE_status_4_iter_15,PM_PROJECT,11,-0.03025213361663453,1636.0,0
robot_FU_INDE_RE_INDE_status_4_iter_15,PM_MIRROR,11,-0.030252135875022165,1636.0,0
robot_FU_INDE_RE_INDE_status_4_iter_15,PM_GMW,11,-0.03025213553913058,696.0,0
robot_FU_INDE_RE_INDE_status_4_iter_16,NO_REGULARIZE,5,0.04738440241512679,254,1
robot_FU_INDE_RE_INDE_status_4_iter_16,M_PROJECT,5,0.04738440241512679,427,1
robot_FU_INDE_RE_INDE_status_4_iter_16,M_MIRROR,12,-0.026960097220242188,3632,0
robot_FU_INDE_RE_INDE_status_4_iter_16,M_GMW,12,-0.026960097262211463,824,0
robot_FU_INDE_RE_INDE_status_4_iter_16,PM_PROJECT,11,-0.026960096710943276,1636.0,0
robot_FU_INDE_RE_INDE_status_4_iter_16,PM_MIRROR,11,-0.02696009738737206,1636.0,0
robot_FU_INDE_RE_INDE_status_4_iter_16,PM_GMW,11,-0.026960097380667482,696.0,0
robot_FU_INDE_RE_INDE_status_4_iter_17,NO_REGULARIZE,5,0.04672797415367024,253,1
robot_FU_INDE_RE_INDE_status_4_iter_17,M_PROJECT,5,0.04672797415367024,397,1
robot_FU_INDE_RE_INDE_status_4_iter_17,M_MIRROR,11,-0.02421662255238407,2676,0
robot_FU_INDE_RE_INDE_status_4_iter_17,M_GMW,11,-0.02421646760798433,732,0
robot_FU_INDE_RE_INDE_status_4_iter_17,PM_PROJECT,9,-0.024216590707174274,1028.0,0
robot_FU_INDE_RE_INDE_status_4_iter_17,PM_MIRROR,11,-0.02421662290935681,1636.0,0
robot_FU_INDE_RE_INDE_status_4_iter_17,PM_GMW,11,-0.024216622865353154,696.0,0
robot_FU_INDE_RE_INDE_status_4_iter_18,NO_REGULARIZE,11,-0.011016066075571863,660,0
robot_FU_INDE_RE_INDE_status_4_iter_18,M_PROJECT,11,-0.011016066075571863,660,0
robot_FU_INDE_RE_INDE_status_4_iter_18,M_MIRROR,11,-0.011016066075571863,660,0
robot_FU_INDE_RE_INDE_status_4_iter_18,M_GMW,11,-0.011016066075571863,660,0
robot_FU_INDE_RE_INDE_status_4_iter_18,PM_PROJECT,11,-0.011016066075571863,660,0
robot_FU_INDE_RE_INDE_status_4_iter_18,PM_MIRROR,11,-0.011016066075571863,660,0
robot_FU_INDE_RE_INDE_status_4_iter_18,PM_GMW,11,-0.011016066075571863,660,0
robot_FU_INDE_RE_INDE_status_4_iter_19,NO_REGULARIZE,11,-0.011454949766850384,660,0
robot_FU_INDE_RE_INDE_status_4_iter_19,M_PROJECT,11,-0.011454949766850384,660,0
robot_FU_INDE_RE_INDE_status_4_iter_19,M_MIRROR,11,-0.011454949766850384,660,0
robot_FU_INDE_RE_INDE_status_4_iter_19,M_GMW,11,-0.011454949766850384,660,0
robot_FU_INDE_RE_INDE_status_4_iter_19,PM_PROJECT,11,-0.011454949766850384,660,0
robot_FU_INDE_RE_INDE_status_4_iter_19,PM_MIRROR,11,-0.011454949766850384,660,0
robot_FU_INDE_RE_INDE_status_4_iter_19,PM_GMW,11,-0.011454949766850384,660,0
robot_FU_INDE_RE_INDE_status_4_iter_2,NO_REGULARIZE,4,-3.999644312530878,206,1
robot_FU_INDE_RE_INDE_status_4_iter_2,M_PROJECT,6,-4.0126495306752155,973,1
robot_FU_INDE_RE_INDE_status_4_iter_2,M_MIRROR,120,-8.11881098857598,175480,2
robot_FU_INDE_RE_INDE_status_4_iter_2,M_GMW,120,-7.952956672130918,13452,2
robot_FU_INDE_RE_INDE_status_4_iter_2,PM_PROJECT,29,-9.523723176893883,12476.0,0
robot_FU_INDE_RE_INDE_status_4_iter_2,PM_MIRROR,25,-9.178400806692947,15652.0,0
robot_FU_INDE_RE_INDE_status_4_iter_2,PM_GMW,22,-9.526523834892863,1536.0,0
robot_FU_INDE_RE_INDE_status_4_iter_20,NO_REGULARIZE,5,0.04492042664044416,268,1
robot_FU_INDE_RE_INDE_status_4_iter_20,M_PROJECT,10,-0.011817555177208592,768,0
robot_FU_INDE_RE_INDE_status_4_iter_20,M_MIRROR,10,-0.011817555261800259,768,0
robot_FU_INDE_RE_INDE_status_4_iter_20,M_GMW,10,-0.011817555251066189,606,0
robot_FU_INDE_RE_INDE_status_4_iter_20,PM_PROJECT,10,-0.011817555198397082,1088.0,0
robot_FU_INDE_RE_INDE_status_4_iter_20,PM_MIRROR,10,-0.011817555278835547,1088.0,0
robot_FU_INDE_RE_INDE_status_4_iter_20,PM_GMW,10,-0.011817555206998967,618.0,0
robot_FU_INDE_RE_INDE_status_4_iter_21,NO_REGULARIZE,5,0.04350006532285728,253,1
robot_FU_INDE_RE_INDE_status_4_iter_21,M_PROJECT,5,0.04350006532285728,397,1
robot_FU_INDE_RE_INDE_status_4_iter_21,M_MIRROR,10,-0.011964699427532383,1608,0
robot_FU_INDE_RE_INDE_status_4_iter_21,M_GMW,10,-0.011964699422623787,636,0
robot_FU_INDE_RE_INDE_status_4_iter_21,PM_PROJECT,10,-0.011964699577181756,1088.0,0
robot_FU_INDE_RE_INDE_status_4_iter_21,PM_MIRROR,9,-0.011964585615731797,1028.0,0
robot_FU_INDE_RE_INDE_status_4_iter_21,PM_GMW,10,-0.011964699643220823,618.0,0
robot_FU_INDE_RE_INDE_status_4_iter_22,NO_REGULARIZE,5,0.04044410469379529,256,1
robot_FU_INDE_RE_INDE_status_4_iter_22,M_PROJECT,5,0.04044410469379529,487,1
robot_FU_INDE_RE_INDE_status_4_iter_22,M_MIRROR,11,-0.011709822858442506,1500,0
robot_FU_INDE_RE_INDE_status_4_iter_22,M_GMW,11,-0.011709822918359083,690,0
robot_FU_INDE_RE_INDE_status_4_iter_22,PM_PROJECT,11,-0.011709818357136475,1148.0,0
robot_FU_INDE_RE_INDE_status_4_iter_22,PM_MIRROR,12,-0.011709874974857003,1208.0,0
robot_FU_INDE_RE_INDE_status_4_iter_22,PM_GMW,11,-0.011709788185824029,678.0,0
robot_FU_INDE_RE_INDE_status_4_iter_23,NO_REGULARIZE,9,-0.010992075489486183,540,0
robot_FU_INDE_RE_INDE_status_4_iter_23,M_PROJECT,9,-0.010992075489486183,540,0
robot_FU_INDE_RE_INDE_status_4_iter_23,M_MIRROR,9,-0.010992075489486183,540,0
robot_FU_INDE_RE_INDE_status_4_iter_23,M_GMW,9,-0.010992075489486183,540,0
robot_FU_INDE_RE_INDE_status_4_iter_23,PM_PROJECT,9,-0.010992075489486183,540,0
robot_FU_INDE_RE_INDE_status_4_iter_23,PM_MIRROR,9,-0.010992075489486183,540,0
robot_FU_INDE_RE_INDE_status_4_iter_23,PM_GMW,9,-0.010992075489486183,540,0
robot_FU_INDE_RE_INDE_status_4_iter_3,NO_REGULARIZE,4,-5.723677564960751,205,1
robot_FU_INDE_RE_INDE_status_4_iter_3,M_PROJECT,4,-5.723677564960751,349,1
robot_FU_INDE_RE_INDE_status_4_iter_3,M_MIRROR,26,-15.998283075693834,7496,0
robot_FU_INDE_RE_INDE_status_4_iter_3,M_GMW,22,-16.19255939527117,1514,0
robot_FU_INDE_RE_INDE_status_4_iter_3,PM_PROJECT,25,-16.26366635840886,9796.0,0
robot_FU_INDE_RE_INDE_status_4_iter_3,PM_MIRROR,29,-16.297636246327226,34436.0,0
robot_FU_INDE_RE_INDE_status_4_iter_3,PM_GMW,30,-16.224842637880734,2484.0,0
robot_FU_INDE_RE_INDE_status_4_iter_4,NO_REGULARIZE,4,-6.1257799189733255,206,1
robot_FU_INDE_RE_INDE_status_4_iter_4,M_PROJECT,4,-6.1257799189733255,350,1
robot_FU_INDE_RE_INDE_status_4_iter_4,M_MIRROR,120,-10.071111725509436,167584,2
robot_FU_INDE_RE_INDE_status_4_iter_4,M_GMW,120,-9.30645645517739,12688,2
robot_FU_INDE_RE_INDE_status_4_iter_4,PM_PROJECT,120,-7.862559843863256,261936.0,2
robot_FU_INDE_RE_INDE_status_4_iter_4,PM_MIRROR,31,-11.601928146610792,41876.0,0
robot_FU_INDE_RE_INDE_status_4_iter_4,PM_GMW,65,-11.019516000338298,7500.0,0
robot_FU_INDE_RE_INDE_status_4_iter_5,NO_REGULARIZE,4,-2.1384722207083793,207,1
robot_FU_INDE_RE_INDE_status_4_iter_5,M_PROJECT,9,-3.531448839237443,850,1
robot_FU_INDE_RE_INDE_status_4_iter_5,M_MIRROR,84,-3.8344367273264446,73640,0
robot_FU_INDE_RE_INDE_status_4_iter_5,M_GMW,17,-3.8112324890350293,1132,0
robot_FU_INDE_RE_INDE_status_4_iter_5,PM_PROJECT,19,-3.8285442376542616,5532.0,0
robot_FU_INDE_RE_INDE_status_4_iter_5,PM_MIRROR,30,-3.828544234669733,19368.0,0
robot_FU_INDE_RE_INDE_status_4_iter_5,PM_GMW,21,-3.8112316751377358,1512.0,0
robot_FU_INDE_RE_INDE_status_4_iter_6,NO_REGULARIZE,8,-0.3836796780729996,443,1
robot_FU_INDE_RE_INDE_status_4_iter_6,M_PROJECT,8,-0.3836796780729996,587,1
robot_FU_INDE_RE_INDE_status_4_iter_6,M_MIRROR,14,-0.41142539770866093,1288,0
robot_FU_INDE_RE_INDE_status_4_iter_6,M_GMW,14,-0.4114253977088651,856,0
robot_FU_INDE_RE_INDE_status_4_iter_6,PM_PROJECT,14,-0.4114253977130814,1328.0,0
robot_FU_INDE_RE_INDE_status_4_iter_6,PM_MIRROR,14,-0.4114253977360331,1328.0,0
robot_FU_INDE_RE_INDE_status_4_iter_6,PM_GMW,14,-0.4114253977224017,858.0,0
robot_FU_INDE_RE_INDE_status_4_iter_7,NO_REGULARIZE,10,-0.0739159631269085,600,0
robot_FU_INDE_RE_INDE_status_4_iter_7,M_PROJECT,10,-0.0739159631269085,600,0
robot_FU_INDE_RE_INDE_status_4_iter_7,M_MIRROR,10,-0.0739159631269085,600,0
robot_FU_INDE_RE_INDE_status_4_iter_7,M_GMW,10,-0.0739159631269085,600,0
robot_FU_INDE_RE_INDE_status_4_iter_7,PM_PROJECT,10,-0.0739159631269085,600,0
robot_FU_INDE_RE_INDE_status_4_iter_7,PM_MIRROR,10,-0.0739159631269085,600,0
robot_FU_INDE_RE_INDE_status_4_iter_7,PM_GMW,10,-0.0739159631269085,600,0
robot_FU_INDE_RE_INDE_status_4_iter_8,NO_REGULARIZE,6,-0.043373974804570815,318,1
robot_FU_INDE_RE_INDE_status_4_iter_8,M_PROJECT,6,-0.043373974804570815,462,1
robot_FU_INDE_RE_INDE_status_4_iter_8,M_MIRROR,14,-0.09223275483165959,3192,0
robot_FU_INDE_RE_INDE_status_4_iter_8,M_GMW,16,-0.09223273458941,1022,0
robot_FU_INDE_RE_INDE_status_4_iter_8,PM_PROJECT,14,-0.09223275516132658,1816.0,0
robot_FU_INDE_RE_INDE_status_4_iter_8,PM_MIRROR,15,-0.09223275496793604,1876.0,0
robot_FU_INDE_RE_INDE_status_4_iter_8,PM_GMW,14,-0.09223275501102832,876.0,0
robot_FU_INDE_RE_INDE_status_4_iter_9,NO_REGULARIZE,8,-0.07729328553894485,439,1
robot_FU_INDE_RE_INDE_status_4_iter_9,M_PROJECT,8,-0.07729328553894485,554,1
robot_FU_INDE_RE_INDE_status_4_iter_9,M_MIRROR,13,-0.0869069040094569,1452,0
robot_FU_INDE_RE_INDE_status_4_iter_9,M_GMW,13,-0.08690690400952257,804,0
robot_FU_INDE_RE_INDE_status_4_iter_9,PM_PROJECT,13,-0.08690690400959687,1268.0,0
robot_FU_INDE_RE_INDE_status_4_iter_9,PM_MIRROR,13,-0.08690690400971249,1268.0,0
robot_FU_INDE_RE_INDE_status_4_iter_9,PM_GMW,13,-0.08690690400958512,798.0,0
